"tanggal","nama_kab_kota","kode_kab_kota","konfirmasi_total","konfirmasi_sembuh","konfirmasi_meninggal","konfirmasi_aktif","med_level","avg_delay","avg_speed_kmh","med_total_records"
2020-07-01,Kabupaten Bandung,"3204",108,52,6,50,2.0,96.25044566934758,15.084294740449298,11.0
2020-07-01,Kabupaten Bandung Barat,"3217",72,40,1,31,2.0,126.57008691721184,19.753615633952755,9.0
2020-07-01,Kabupaten Bekasi,"3216",241,102,17,122,2.0,121.4871457945399,15.270563474347611,8.0
2020-07-01,Kabupaten Bogor,"3201",249,107,9,133,2.0,133.84212551177882,16.945623432797053,10.0
2020-07-01,Kabupaten Ciamis,"3207",11,5,0,6,1.0,114.96061157024904,28.299101653078054,8.0
2020-07-01,Kabupaten Cianjur,"3203",20,10,1,9,2.0,161.13981384173778,21.338191956551366,11.0
2020-07-01,Kabupaten Cirebon,"3209",18,4,1,13,2.0,110.02231610232386,20.331224705124722,8.0
2020-07-01,Kabupaten Garut,"3205",23,7,3,13,2.0,126.19407349663811,20.850407331107974,9.0
2020-07-01,Kabupaten Indramayu,"3212",36,10,2,24,2.0,138.41693763171926,25.775523697628696,8.0
2020-07-01,Kabupaten Karawang,"3215",38,12,1,25,2.0,115.59196590956294,21.81827662423564,9.0
2020-07-01,Kabupaten Kuningan,"3208",24,5,2,17,2.0,110.98454620963649,26.793771128905448,9.0
2020-07-01,Kabupaten Majalengka,"3210",7,1,1,5,2.0,140.5470526522438,23.453844617677216,9.0
2020-07-01,Kabupaten Pangandaran,"3218",9,2,0,7,2.0,124.39972635904948,25.533412106831868,9.0
2020-07-01,Kabupaten Purwakarta,"3214",32,20,1,11,2.0,109.82928007006069,21.91009915738866,9.0
2020-07-01,Kabupaten Subang,"3213",52,27,2,23,2.0,131.34998324685844,23.247819204960972,9.0
2020-07-01,Kabupaten Sukabumi,"3202",60,23,0,37,2.0,178.55522132446083,18.77846041195259,11.0
2020-07-01,Kabupaten Sumedang,"3211",16,10,0,6,2.0,120.77953545629131,19.588630076268274,10.0
2020-07-01,Kabupaten Tasikmalaya,"3206",7,1,0,6,2.0,129.0579315770057,23.172826247349864,9.0
2020-07-01,Kota Bandung,"3273",418,234,41,143,3.0,96.73850035328144,13.716323648664961,11.0
2020-07-01,Kota Banjar,"3279",9,5,1,3,1.0,97.37619433195695,28.51576863164487,6.0
2020-07-01,Kota Bekasi,"3275",517,266,30,221,2.0,129.97202993993858,14.298012875660682,9.0
2020-07-01,Kota Bogor,"3271",178,97,16,65,2.0,106.72456448640281,17.70130676467244,9.0
2020-07-01,Kota Cimahi,"3277",97,64,1,32,4.0,58.08673701645405,9.333165782554346,38.0
2020-07-01,Kota Cirebon,"3274",15,5,1,9,3.0,106.76646767539539,15.316404946919146,7.0
2020-07-01,Kota Depok,"3276",791,430,38,323,2.0,121.85564680582917,15.870340632815514,8.0
2020-07-01,Kota Sukabumi,"3272",45,36,0,9,2.0,100.51929269377719,19.00246621652977,8.0
2020-07-01,Kota Tasikmalaya,"3278",24,19,2,3,2.0,93.67252103268112,19.478751459174394,9.0
2020-07-02,Kabupaten Bandung,"3204",109,54,6,49,2.0,106.54927624241587,14.915873667376749,11.0
2020-07-02,Kabupaten Bandung Barat,"3217",72,42,1,29,2.0,126.56546222658923,18.828591716028477,9.0
2020-07-02,Kabupaten Bekasi,"3216",247,103,17,127,2.0,118.95706593275531,15.253996217043303,9.0
2020-07-02,Kabupaten Bogor,"3201",250,132,9,109,2.0,130.71591372924664,16.861344454786988,10.0
2020-07-02,Kabupaten Ciamis,"3207",11,5,0,6,2.0,116.41511500965466,29.038224737571948,9.0
2020-07-02,Kabupaten Cianjur,"3203",20,10,1,9,2.0,154.60377212822308,21.710795520960378,10.0
2020-07-02,Kabupaten Cirebon,"3209",18,4,1,13,2.0,115.35636588918182,19.494793157685887,8.0
2020-07-02,Kabupaten Garut,"3205",23,8,3,12,2.0,124.191530480769,21.032962139183876,9.0
2020-07-02,Kabupaten Indramayu,"3212",36,10,2,24,2.0,154.11455773306892,23.370740471186338,8.0
2020-07-02,Kabupaten Karawang,"3215",38,12,1,25,2.0,122.79226125781325,20.35954504311996,8.0
2020-07-02,Kabupaten Kuningan,"3208",24,5,2,17,2.0,108.32005675958128,25.744716767551136,9.0
2020-07-02,Kabupaten Majalengka,"3210",7,1,1,5,2.0,152.00986099243164,21.851110823949178,9.0
2020-07-02,Kabupaten Pangandaran,"3218",9,2,0,7,2.0,150.8862829208374,24.06873321533203,8.0
2020-07-02,Kabupaten Purwakarta,"3214",32,21,1,10,2.0,130.97195028489637,20.36273313219435,9.0
2020-07-02,Kabupaten Subang,"3213",52,27,2,23,2.0,141.606058721673,22.03212480512384,8.5
2020-07-02,Kabupaten Sukabumi,"3202",61,25,0,36,2.0,177.48244116421404,18.064170801557342,11.0
2020-07-02,Kabupaten Sumedang,"3211",16,10,0,6,2.0,125.20572393080768,18.39687620132577,10.0
2020-07-02,Kabupaten Tasikmalaya,"3206",7,1,0,6,2.0,147.35898051160447,23.21189517771944,9.0
2020-07-02,Kota Bandung,"3273",419,235,41,143,3.0,106.62589042231295,13.582661142284882,10.0
2020-07-02,Kota Banjar,"3279",9,5,1,3,2.0,98.94444213867187,26.142282981872558,7.0
2020-07-02,Kota Bekasi,"3275",519,267,30,222,2.0,125.5122964061265,14.692940847983529,10.0
2020-07-02,Kota Bogor,"3271",178,101,16,61,2.0,107.20082504931013,17.249257108287267,9.0
2020-07-02,Kota Cimahi,"3277",126,64,1,61,4.0,58.65114545488691,9.051316507212766,44.0
2020-07-02,Kota Cirebon,"3274",15,5,1,9,3.0,111.15787635246913,14.942283752374351,8.0
2020-07-02,Kota Depok,"3276",809,432,38,339,2.0,122.76943685128485,15.820989413780369,9.0
2020-07-02,Kota Sukabumi,"3272",45,37,0,8,2.0,105.81958378586813,19.610799276940178,7.0
2020-07-02,Kota Tasikmalaya,"3278",24,19,2,3,2.0,101.32385466439383,16.84577825977689,9.0
2020-07-04,Kabupaten Bandung,"3204",119,54,6,59,2.0,148.1155502376422,15.190591196962435,11.0
2020-07-04,Kabupaten Bandung Barat,"3217",77,43,1,33,2.0,154.88084585437366,17.123512302293165,11.0
2020-07-04,Kabupaten Bekasi,"3216",251,106,17,128,2.0,120.46838628943753,14.931992252319983,9.0
2020-07-04,Kabupaten Bogor,"3201",251,132,9,110,2.0,161.77403211071467,15.39902567774697,10.0
2020-07-04,Kabupaten Ciamis,"3207",11,5,0,6,2.0,114.47960379388597,27.874177041980957,8.0
2020-07-04,Kabupaten Cianjur,"3203",20,10,1,9,2.0,188.34051677504357,20.738505713724297,11.0
2020-07-04,Kabupaten Cirebon,"3209",18,4,1,13,2.0,114.6326261026979,20.15520313485709,8.0
2020-07-04,Kabupaten Garut,"3205",23,8,3,12,2.0,136.52821049045872,20.810912645507504,10.0
2020-07-04,Kabupaten Indramayu,"3212",36,10,2,24,2.0,159.49130395899482,24.80798167149651,8.0
2020-07-04,Kabupaten Karawang,"3215",39,12,1,26,2.0,136.66616700298664,20.041297657930368,8.0
2020-07-04,Kabupaten Kuningan,"3208",24,5,2,17,2.0,123.44310841935405,23.653203870473284,10.0
2020-07-04,Kabupaten Majalengka,"3210",7,1,1,5,2.0,148.96450515415358,22.29761380702257,9.5
2020-07-04,Kabupaten Pangandaran,"3218",17,2,0,15,2.0,185.8243574142456,23.985255575180055,5.5
2020-07-04,Kabupaten Purwakarta,"3214",32,21,1,10,2.0,119.26584198759832,20.043623282941855,9.0
2020-07-04,Kabupaten Subang,"3213",52,27,2,23,2.0,137.4976630290539,23.077863270456866,10.0
2020-07-04,Kabupaten Sukabumi,"3202",61,25,0,36,2.0,190.85527753571273,19.01047474862654,11.0
2020-07-04,Kabupaten Sumedang,"3211",16,10,0,6,2.0,145.4412451157876,19.783843029529677,11.0
2020-07-04,Kabupaten Tasikmalaya,"3206",8,1,0,7,2.0,139.18476695280808,23.929684036817306,8.0
2020-07-04,Kota Bandung,"3273",420,235,41,144,3.0,94.96539359209322,13.384428511233969,10.0
2020-07-04,Kota Banjar,"3279",9,5,1,3,2.0,98.51464630575741,26.20890987620634,6.0
2020-07-04,Kota Bekasi,"3275",524,278,30,216,2.0,110.54200634713901,14.408628032940138,9.0
2020-07-04,Kota Bogor,"3271",180,101,16,63,2.0,122.43398533765193,16.261148304805392,9.0
2020-07-04,Kota Cimahi,"3277",127,64,1,62,4.0,54.872093665890574,8.394764430974707,74.0
2020-07-04,Kota Cirebon,"3274",29,5,1,23,3.0,100.82344635097967,16.395299237587547,7.0
2020-07-04,Kota Depok,"3276",818,438,38,342,2.0,118.71692064486868,15.693389508846975,9.0
2020-07-04,Kota Sukabumi,"3272",45,37,0,8,2.0,119.30336009356992,18.167466756299877,8.0
2020-07-04,Kota Tasikmalaya,"3278",24,19,2,3,2.0,89.29467672231246,18.487265693898102,7.0
2020-07-05,Kabupaten Bandung,"3204",119,54,6,59,2.0,117.31197986318104,15.079230310280186,11.0
2020-07-05,Kabupaten Bandung Barat,"3217",77,43,1,33,2.0,126.350982108156,18.555102347663517,10.0
2020-07-05,Kabupaten Bekasi,"3216",251,107,17,127,2.0,115.95097260227345,15.206078597915166,9.0
2020-07-05,Kabupaten Bogor,"3201",251,133,9,109,2.0,136.63999815465107,16.51496351330386,10.0
2020-07-05,Kabupaten Ciamis,"3207",11,5,0,6,2.0,102.42689003482941,28.409724832862935,9.0
2020-07-05,Kabupaten Cianjur,"3203",20,10,1,9,2.0,186.4551197861686,21.356887398454763,10.0
2020-07-05,Kabupaten Cirebon,"3209",18,4,1,13,2.0,107.26421138108378,20.154810849584713,8.0
2020-07-05,Kabupaten Garut,"3205",23,8,3,12,2.0,131.56083208543282,20.557396991385353,9.0
2020-07-05,Kabupaten Indramayu,"3212",36,10,2,24,2.0,140.50371405090948,23.023223780622384,9.0
2020-07-05,Kabupaten Karawang,"3215",39,12,1,26,2.0,120.46988964546017,20.44922756412165,8.0
2020-07-05,Kabupaten Kuningan,"3208",24,5,2,17,2.0,107.97991758584976,25.947443664073944,9.0
2020-07-05,Kabupaten Majalengka,"3210",7,2,1,4,2.0,152.76185391743977,23.67423847516378,9.0
2020-07-05,Kabupaten Pangandaran,"3218",17,2,0,15,1.5,164.20352458953857,24.290879249572754,7.0
2020-07-05,Kabupaten Purwakarta,"3214",32,21,1,10,2.0,120.22182471836163,21.853774754981686,9.0
2020-07-05,Kabupaten Subang,"3213",52,27,2,23,2.0,138.490599346857,22.757369579189884,8.0
2020-07-05,Kabupaten Sukabumi,"3202",61,25,0,36,2.0,189.72314326969658,18.68664393631492,11.0
2020-07-05,Kabupaten Sumedang,"3211",16,10,0,6,2.0,126.45808810454149,18.33044679119037,11.0
2020-07-05,Kabupaten Tasikmalaya,"3206",8,1,0,7,2.0,143.44525277969686,22.058362361218066,9.0
2020-07-05,Kota Bandung,"3273",421,235,41,145,3.0,101.59641741085676,13.15180229568014,11.0
2020-07-05,Kota Banjar,"3279",9,5,1,3,1.0,91.6516227722168,28.33567307212136,7.0
2020-07-05,Kota Bekasi,"3275",525,282,30,213,2.0,127.61414075491795,14.055336403190374,10.0
2020-07-05,Kota Bogor,"3271",180,101,16,63,2.0,111.48166774037922,17.008903648180254,10.0
2020-07-05,Kota Cimahi,"3277",127,64,1,62,3.0,64.37132933581317,8.888003919742726,30.5
2020-07-05,Kota Cirebon,"3274",29,7,1,21,3.0,103.28388315981084,14.997145769270984,8.0
2020-07-05,Kota Depok,"3276",818,444,38,336,2.0,131.72441427488982,15.657869691188095,9.0
2020-07-05,Kota Sukabumi,"3272",45,37,0,8,2.0,127.49219791020188,17.7999226122259,8.0
2020-07-05,Kota Tasikmalaya,"3278",24,19,2,3,2.0,89.47539057589994,17.127410614844596,8.0
2020-07-06,Kabupaten Bandung,"3204",119,54,6,59,2.0,107.26848536637482,15.199886590669843,11.0
2020-07-06,Kabupaten Bandung Barat,"3217",77,43,1,33,2.0,126.69694157436152,18.878276818425697,10.0
2020-07-06,Kabupaten Bekasi,"3216",251,111,17,123,2.0,125.97630001727183,15.235921459791733,10.0
2020-07-06,Kabupaten Bogor,"3201",251,133,9,109,2.0,128.3909134431561,16.817496179934484,10.0
2020-07-06,Kabupaten Ciamis,"3207",11,5,0,6,2.0,124.385430787739,27.090332520635503,8.5
2020-07-06,Kabupaten Cianjur,"3203",20,10,1,9,2.0,141.90226132466913,21.88807816157058,10.0
2020-07-06,Kabupaten Cirebon,"3209",18,4,1,13,2.0,104.40572973939238,20.440626347162684,8.0
2020-07-06,Kabupaten Garut,"3205",23,8,3,12,2.0,125.74906254705982,21.414544729428872,9.0
2020-07-06,Kabupaten Indramayu,"3212",36,10,2,24,2.0,137.89361531221414,23.442657102512406,7.0
2020-07-06,Kabupaten Karawang,"3215",39,12,1,26,2.0,119.80459494244789,20.688849017823156,8.0
2020-07-06,Kabupaten Kuningan,"3208",24,5,2,17,2.0,114.01852607727051,25.56467693342882,8.0
2020-07-06,Kabupaten Majalengka,"3210",7,2,1,4,2.0,115.56160062246948,24.2499687515036,9.0
2020-07-06,Kabupaten Pangandaran,"3218",17,2,0,15,2.0,289.0996291216682,21.80047035217285,7.0
2020-07-06,Kabupaten Purwakarta,"3214",32,21,1,10,2.0,111.96530915351764,22.19829252190786,8.0
2020-07-06,Kabupaten Subang,"3213",52,27,2,23,2.0,121.41312672309725,23.256512538246486,8.0
2020-07-06,Kabupaten Sukabumi,"3202",61,25,0,36,2.0,171.96136504180672,19.24261774795,10.0
2020-07-06,Kabupaten Sumedang,"3211",16,10,0,6,2.0,131.1073055949964,18.30744878919501,10.0
2020-07-06,Kabupaten Tasikmalaya,"3206",8,1,0,7,2.0,120.86970121210271,24.073174895662248,9.0
2020-07-06,Kota Bandung,"3273",421,235,42,144,3.0,101.68670832661462,13.59684700814557,11.0
2020-07-06,Kota Banjar,"3279",9,5,1,3,2.0,85.14057201809354,28.959823608398438,2.0
2020-07-06,Kota Bekasi,"3275",525,293,30,202,2.0,121.73982716106612,14.324753443473583,9.0
2020-07-06,Kota Bogor,"3271",182,101,16,65,2.0,104.64459233755593,17.34376218380072,9.0
2020-07-06,Kota Cimahi,"3277",127,64,1,62,3.0,67.96903559240964,9.3852331032454,22.0
2020-07-06,Kota Cirebon,"3274",29,7,1,21,3.0,101.38859872615083,16.01039857052742,6.0
2020-07-06,Kota Depok,"3276",820,444,38,338,2.0,125.64977007902222,15.41269755089849,10.0
2020-07-06,Kota Sukabumi,"3272",45,37,0,8,2.0,114.38579797744751,18.348352370783687,8.0
2020-07-06,Kota Tasikmalaya,"3278",24,19,2,3,2.0,83.37741928100586,18.887458641529083,8.5
2020-07-07,Kabupaten Bandung,"3204",122,56,6,60,2.0,105.32218201844395,15.354884408561471,11.0
2020-07-07,Kabupaten Bandung Barat,"3217",79,43,1,35,2.0,128.514140188694,19.009571557864547,10.0
2020-07-07,Kabupaten Bekasi,"3216",253,115,17,121,2.0,121.16090980642177,15.012342230027842,9.0
2020-07-07,Kabupaten Bogor,"3201",251,139,9,103,2.0,139.44477206468582,16.219926569305745,10.0
2020-07-07,Kabupaten Ciamis,"3207",11,5,0,6,2.0,110.96603768418878,28.906942262277976,8.0
2020-07-07,Kabupaten Cianjur,"3203",20,10,1,9,2.0,185.79471669514973,21.363441526095073,11.0
2020-07-07,Kabupaten Cirebon,"3209",18,4,2,12,2.0,104.31604961653197,20.501447028536813,8.0
2020-07-07,Kabupaten Garut,"3205",23,8,3,12,2.0,132.72461639751089,20.514119452681424,9.0
2020-07-07,Kabupaten Indramayu,"3212",36,10,3,23,2.0,141.4304014619414,25.229856984598655,9.0
2020-07-07,Kabupaten Karawang,"3215",43,12,1,30,2.0,134.10643258357723,19.9019118749971,9.0
2020-07-07,Kabupaten Kuningan,"3208",27,5,2,20,2.0,106.06872587094362,25.512389328287934,9.0
2020-07-07,Kabupaten Majalengka,"3210",7,2,1,4,2.0,129.08750159652143,23.97564458258358,8.0
2020-07-07,Kabupaten Pangandaran,"3218",17,2,0,15,2.0,148.54586219787598,26.413233478864033,6.5
2020-07-07,Kabupaten Purwakarta,"3214",34,21,1,12,2.0,124.05937976413303,20.609829088317024,9.0
2020-07-07,Kabupaten Subang,"3213",52,28,2,22,2.0,131.1595793788873,23.429864837127983,9.0
2020-07-07,Kabupaten Sukabumi,"3202",61,25,0,36,2.0,172.83676204655862,18.484433332759853,10.0
2020-07-07,Kabupaten Sumedang,"3211",16,10,0,6,2.0,143.06596610269833,19.44126982852625,10.0
2020-07-07,Kabupaten Tasikmalaya,"3206",8,1,0,7,2.0,118.10954187236307,22.76147941387061,10.0
2020-07-07,Kota Bandung,"3273",423,235,42,146,3.0,111.96718166604028,13.52421598448237,11.0
2020-07-07,Kota Banjar,"3279",9,5,1,3,1.0,98.80181856508608,27.95116795433892,9.0
2020-07-07,Kota Bekasi,"3275",531,321,30,180,2.0,123.09476026866871,14.278737517016499,10.0
2020-07-07,Kota Bogor,"3271",185,102,16,67,2.0,115.87347176684203,16.57643071325557,9.0
2020-07-07,Kota Cimahi,"3277",135,64,1,70,3.0,75.33826711722888,10.060143085512365,21.0
2020-07-07,Kota Cirebon,"3274",29,7,1,21,3.0,104.19263960439947,15.76249146159691,7.0
2020-07-07,Kota Depok,"3276",824,446,38,340,2.0,129.69977135546375,15.082504878029845,10.0
2020-07-07,Kota Sukabumi,"3272",45,37,0,8,2.0,111.08449551950093,18.23020568392635,8.0
2020-07-07,Kota Tasikmalaya,"3278",24,19,2,3,2.0,89.40551788742478,18.165473815557117,9.0
2020-07-08,Kabupaten Bandung,"3204",123,56,6,61,2.0,108.22513363789561,15.584396052519129,11.0
2020-07-08,Kabupaten Bandung Barat,"3217",79,45,1,33,2.0,131.0335123822733,18.133565321729225,10.0
2020-07-08,Kabupaten Bekasi,"3216",254,117,18,119,2.0,119.01989122442029,15.480999191843315,10.0
2020-07-08,Kabupaten Bogor,"3201",252,139,9,104,2.0,134.6717915959853,16.58934539128197,11.0
2020-07-08,Kabupaten Ciamis,"3207",11,5,0,6,2.0,101.77464252048068,30.170665502548218,9.0
2020-07-08,Kabupaten Cianjur,"3203",21,10,1,10,2.0,151.01626043183185,21.34435318876629,10.0
2020-07-08,Kabupaten Cirebon,"3209",18,4,2,12,2.0,113.57156487431287,21.389171438889512,9.0
2020-07-08,Kabupaten Garut,"3205",23,8,3,12,2.0,128.1301215572856,21.187240283254166,9.0
2020-07-08,Kabupaten Indramayu,"3212",36,10,3,23,2.0,132.12568687287387,25.14558704325695,9.0
2020-07-08,Kabupaten Karawang,"3215",43,12,1,30,2.0,121.58369603581454,20.867341970273962,8.0
2020-07-08,Kabupaten Kuningan,"3208",27,5,2,20,2.0,112.57797701605435,26.468744172251284,9.0
2020-07-08,Kabupaten Majalengka,"3210",7,2,1,4,2.0,153.31516708930334,24.043193858116865,9.0
2020-07-08,Kabupaten Pangandaran,"3218",17,2,0,15,2.0,149.98206869761148,25.3722726504008,7.5
2020-07-08,Kabupaten Purwakarta,"3214",34,22,1,11,2.0,124.9380783884891,21.784974377609224,9.0
2020-07-08,Kabupaten Subang,"3213",53,28,2,23,2.0,132.97051529711987,25.12389856792358,8.0
2020-07-08,Kabupaten Sukabumi,"3202",61,25,0,36,2.0,177.37308787054556,17.94914817685558,11.0
2020-07-08,Kabupaten Sumedang,"3211",17,11,0,6,2.0,121.62865752465764,18.89302621252852,11.0
2020-07-08,Kabupaten Tasikmalaya,"3206",8,1,1,6,2.0,132.94219593601372,21.956574950964395,10.0
2020-07-08,Kota Bandung,"3273",428,235,42,151,3.0,111.33892725762567,13.612876468800653,12.0
2020-07-08,Kota Banjar,"3279",9,5,1,3,2.0,89.32577985875747,25.225582375245935,4.5
2020-07-08,Kota Bekasi,"3275",547,335,30,182,2.0,117.90606032477484,14.826186854629482,10.0
2020-07-08,Kota Bogor,"3271",204,102,16,86,2.0,113.03256230217833,16.660342955423868,10.0
2020-07-08,Kota Cimahi,"3277",136,64,1,71,3.0,78.39049562048463,10.149266047174093,17.0
2020-07-08,Kota Cirebon,"3274",29,7,1,21,3.0,106.19474803811252,16.783604077773518,8.0
2020-07-08,Kota Depok,"3276",829,447,38,344,2.0,123.11751515603478,15.703281257940395,10.0
2020-07-08,Kota Sukabumi,"3272",46,37,0,9,2.0,116.69353477627624,17.620042889725926,9.0
2020-07-08,Kota Tasikmalaya,"3278",24,19,2,3,2.0,94.28178882598877,18.751764728472782,9.0
2020-07-09,Kabupaten Bandung,"3204",123,56,6,61,2.0,115.09773167444786,15.064725154780648,11.0
2020-07-09,Kabupaten Bandung Barat,"3217",79,45,1,33,2.0,137.10904406864023,18.445011958645818,10.0
2020-07-09,Kabupaten Bekasi,"3216",254,117,22,115,2.0,123.23188802375974,15.179494069133414,10.0
2020-07-09,Kabupaten Bogor,"3201",254,142,9,103,2.0,139.88984530230601,15.952768065214876,10.0
2020-07-09,Kabupaten Ciamis,"3207",13,5,0,8,2.0,119.36464899473224,27.461219763186197,9.0
2020-07-09,Kabupaten Cianjur,"3203",23,10,1,12,2.0,170.23550901794434,20.938821625232695,11.0
2020-07-09,Kabupaten Cirebon,"3209",18,4,2,12,2.0,110.31043255433518,19.790745682140155,9.0
2020-07-09,Kabupaten Garut,"3205",23,8,3,12,2.0,127.56407763163249,20.898940303451138,9.0
2020-07-09,Kabupaten Indramayu,"3212",36,10,3,23,2.0,128.69521011131397,25.36602404843206,8.0
2020-07-09,Kabupaten Karawang,"3215",43,12,1,30,2.0,121.65964388468909,19.715399793531528,8.0
2020-07-09,Kabupaten Kuningan,"3208",27,5,2,20,2.0,109.84598588135283,25.635105555340395,9.0
2020-07-09,Kabupaten Majalengka,"3210",7,2,1,4,2.0,124.11252164840698,23.338644021749495,8.0
2020-07-09,Kabupaten Pangandaran,"3218",17,2,0,15,1.0,126.42130997601677,26.252541149363797,11.0
2020-07-09,Kabupaten Purwakarta,"3214",34,22,1,11,2.0,127.41934665141662,20.38642066631824,9.0
2020-07-09,Kabupaten Subang,"3213",53,28,2,23,2.0,128.31083061367858,24.543885025323608,9.0
2020-07-09,Kabupaten Sukabumi,"3202",62,25,0,37,2.0,176.11754294273837,18.576573353485774,10.0
2020-07-09,Kabupaten Sumedang,"3211",18,11,0,7,2.0,132.78541855830483,17.850458209348922,10.0
2020-07-09,Kabupaten Tasikmalaya,"3206",8,1,1,6,2.0,132.67565915132545,23.218239899461597,9.0
2020-07-09,Kota Bandung,"3273",431,236,42,153,3.0,118.46482486042032,13.084261048537165,11.0
2020-07-09,Kota Banjar,"3279",10,5,1,4,2.0,131.21169951467803,24.05260401061087,6.0
2020-07-09,Kota Bekasi,"3275",550,342,30,178,2.0,126.40948448752478,14.05967589007682,10.0
2020-07-09,Kota Bogor,"3271",204,102,16,86,2.0,130.92539257183103,15.472568414164098,10.0
2020-07-09,Kota Cimahi,"3277",137,64,1,72,3.0,91.97600090640715,9.677854603125523,18.0
2020-07-09,Kota Cirebon,"3274",30,7,1,22,3.0,105.1660237597604,15.594865469851046,8.0
2020-07-09,Kota Depok,"3276",834,462,38,334,2.0,136.71254003348838,14.762832108633734,10.0
2020-07-09,Kota Sukabumi,"3272",46,38,0,8,2.0,108.77033491779987,18.321933075897675,9.0
2020-07-09,Kota Tasikmalaya,"3278",24,19,2,3,2.0,100.23128823935986,18.065590942278504,9.0
2020-07-10,Kabupaten Bandung,"3204",124,56,6,62,2.0,145.9115389805773,14.428297235711437,12.0
2020-07-10,Kabupaten Bandung Barat,"3217",79,46,1,32,2.0,167.02748065372165,15.692708021959813,11.0
2020-07-10,Kabupaten Bekasi,"3216",254,118,22,114,2.0,135.83996797530378,13.832025423655745,10.0
2020-07-10,Kabupaten Bogor,"3201",256,146,9,101,2.0,175.95092088988278,14.247824701054096,11.0
2020-07-10,Kabupaten Ciamis,"3207",13,5,0,8,2.0,111.23341273477632,27.816992815879928,10.0
2020-07-10,Kabupaten Cianjur,"3203",23,10,1,12,2.0,188.94325840818928,19.74665506565556,11.0
2020-07-10,Kabupaten Cirebon,"3209",18,4,2,12,2.0,120.40525742475899,18.494386278053852,9.0
2020-07-10,Kabupaten Garut,"3205",23,8,3,12,2.0,152.25629907865454,19.90626561850721,11.0
2020-07-10,Kabupaten Indramayu,"3212",36,11,3,22,2.0,168.3587905883789,25.2167077411776,8.0
2020-07-10,Kabupaten Karawang,"3215",50,12,1,37,2.0,122.5128941501144,19.30056946295021,9.0
2020-07-10,Kabupaten Kuningan,"3208",27,6,2,19,2.0,117.21987529889563,25.254488564764188,9.0
2020-07-10,Kabupaten Majalengka,"3210",7,2,1,4,2.0,119.99345711299351,22.98204057651853,8.0
2020-07-10,Kabupaten Pangandaran,"3218",17,2,0,15,1.0,125.09355921972366,26.261806419917516,10.0
2020-07-10,Kabupaten Purwakarta,"3214",34,22,1,11,2.0,135.61135934567918,19.044752839344,10.0
2020-07-10,Kabupaten Subang,"3213",54,28,2,24,2.0,141.3718262258884,22.224873980800663,9.0
2020-07-10,Kabupaten Sukabumi,"3202",63,26,0,37,2.0,206.67169538275866,18.30162406059624,11.0
2020-07-10,Kabupaten Sumedang,"3211",18,11,0,7,2.0,134.67376412707745,17.366022043852176,11.0
2020-07-10,Kabupaten Tasikmalaya,"3206",8,1,1,6,2.0,122.05674073113336,21.94412623299493,10.0
2020-07-10,Kota Bandung,"3273",434,237,42,155,3.0,123.90199273125312,12.589982137211058,12.0
2020-07-10,Kota Banjar,"3279",11,5,1,5,2.0,107.36667891911098,23.1966193318367,9.0
2020-07-10,Kota Bekasi,"3275",551,343,30,178,2.0,133.6842649082146,13.261605834724879,11.0
2020-07-10,Kota Bogor,"3271",206,103,16,87,2.0,150.32060082361463,14.16491301286636,12.0
2020-07-10,Kota Cimahi,"3277",137,64,1,72,3.0,99.27371943347183,9.359349030025138,17.0
2020-07-10,Kota Cirebon,"3274",30,7,1,22,3.0,117.35090952170522,14.223585277795792,8.0
2020-07-10,Kota Depok,"3276",840,478,38,324,2.0,150.97981395581533,13.721466046798659,11.0
2020-07-10,Kota Sukabumi,"3272",46,38,0,8,2.0,120.60657879108554,18.088611203180232,9.0
2020-07-10,Kota Tasikmalaya,"3278",24,19,2,3,2.0,105.47350436694002,17.6341486872059,9.0
2020-07-11,Kabupaten Bandung,"3204",128,56,6,66,2.0,159.18145679190744,14.88789869016014,11.0
2020-07-11,Kabupaten Bandung Barat,"3217",79,46,1,32,2.0,178.89183011419124,15.601267689964988,10.0
2020-07-11,Kabupaten Bekasi,"3216",254,118,22,114,2.0,121.89893412278775,14.399024135605785,9.5
2020-07-11,Kabupaten Bogor,"3201",257,146,9,102,2.0,177.3802313794769,14.91748907581305,10.0
2020-07-11,Kabupaten Ciamis,"3207",13,5,0,8,2.0,135.7790862259112,26.730200394203788,10.0
2020-07-11,Kabupaten Cianjur,"3203",25,13,1,11,2.0,223.68783643473162,19.104868206315103,11.0
2020-07-11,Kabupaten Cirebon,"3209",18,4,2,12,2.0,112.71419672190108,19.05761342459192,8.0
2020-07-11,Kabupaten Garut,"3205",23,8,3,12,2.0,167.02986500645412,19.43476286058435,11.0
2020-07-11,Kabupaten Indramayu,"3212",36,12,3,21,2.0,156.13515259753697,25.032093672916808,7.5
2020-07-11,Kabupaten Karawang,"3215",51,12,1,38,2.0,135.2741163908425,20.230990557599878,9.0
2020-07-11,Kabupaten Kuningan,"3208",33,12,2,19,2.0,122.97890761372828,24.32162764936442,10.0
2020-07-11,Kabupaten Majalengka,"3210",7,4,1,2,2.0,142.97843392944336,22.30589580631256,9.0
2020-07-11,Kabupaten Pangandaran,"3218",17,2,0,15,1.0,136.4575422878923,25.55331356772061,8.0
2020-07-11,Kabupaten Purwakarta,"3214",34,23,1,10,2.0,156.99186304025815,18.59314355469701,10.0
2020-07-11,Kabupaten Subang,"3213",54,28,2,24,2.0,135.86120824854774,22.208365243391928,10.0
2020-07-11,Kabupaten Sukabumi,"3202",68,28,0,40,2.0,214.80675220420244,17.729543128694065,11.0
2020-07-11,Kabupaten Sumedang,"3211",18,11,0,7,2.0,158.55247860312633,18.441917899539117,10.0
2020-07-11,Kabupaten Tasikmalaya,"3206",8,1,1,6,2.0,159.5703549032728,22.710759206945674,10.0
2020-07-11,Kota Bandung,"3273",439,240,42,157,3.0,109.72742913221079,13.079473027742855,10.0
2020-07-11,Kota Banjar,"3279",12,6,1,5,1.0,101.25896005069508,25.923119507583916,7.0
2020-07-11,Kota Bekasi,"3275",557,344,30,183,2.0,114.68768455364086,14.073739362740058,9.0
2020-07-11,Kota Bogor,"3271",206,104,16,86,2.0,133.61876794129503,15.103529687199304,10.0
2020-07-11,Kota Cimahi,"3277",137,64,1,72,3.0,65.05424257914225,9.401586111783981,24.0
2020-07-11,Kota Cirebon,"3274",32,9,1,22,3.0,98.58084333958647,15.37724187555869,7.0
2020-07-11,Kota Depok,"3276",849,478,38,333,2.0,129.5427696182258,15.098654723244435,9.0
2020-07-11,Kota Sukabumi,"3272",46,40,0,6,2.0,127.06572039492495,16.538845959010423,9.0
2020-07-11,Kota Tasikmalaya,"3278",24,21,2,1,2.0,93.43444704863191,19.835450062722515,8.0
2020-07-12,Kabupaten Bandung,"3204",128,56,6,66,2.0,119.8717452520719,15.036758251250928,11.0
2020-07-12,Kabupaten Bandung Barat,"3217",79,47,1,31,2.0,147.87598703900304,18.168640688011543,10.0
2020-07-12,Kabupaten Bekasi,"3216",271,118,22,131,2.0,123.96544715016476,15.040265205707627,9.0
2020-07-12,Kabupaten Bogor,"3201",259,146,9,104,2.0,140.1351398300075,16.171254757350347,10.0
2020-07-12,Kabupaten Ciamis,"3207",13,5,0,8,2.0,112.90916200927259,28.121608854731697,9.0
2020-07-12,Kabupaten Cianjur,"3203",27,13,1,13,2.0,139.62177144442356,21.96546930099424,10.0
2020-07-12,Kabupaten Cirebon,"3209",19,4,2,13,2.0,107.47725742686879,20.751543893814087,8.0
2020-07-12,Kabupaten Garut,"3205",23,8,3,12,2.0,139.03279704530465,20.316009410450523,10.0
2020-07-12,Kabupaten Indramayu,"3212",36,12,3,21,2.0,166.00926272583007,23.209965646743775,9.0
2020-07-12,Kabupaten Karawang,"3215",52,12,1,39,2.0,123.3675974965885,20.170377984267986,9.0
2020-07-12,Kabupaten Kuningan,"3208",34,12,2,20,2.0,110.70978794457777,24.990903411271436,9.0
2020-07-12,Kabupaten Majalengka,"3210",7,4,1,2,2.0,125.80113495857485,23.70518739146571,8.0
2020-07-12,Kabupaten Pangandaran,"3218",17,2,0,15,2.0,166.53251500283517,24.69507389683877,9.0
2020-07-12,Kabupaten Purwakarta,"3214",35,23,1,11,2.0,117.67401781101576,21.98002908793098,9.0
2020-07-12,Kabupaten Subang,"3213",54,29,2,23,2.0,131.86204823408977,23.60512950790204,9.0
2020-07-12,Kabupaten Sukabumi,"3202",68,28,0,40,2.0,177.70874388344816,17.999989121901887,11.0
2020-07-12,Kabupaten Sumedang,"3211",19,11,0,8,2.0,127.49700980962709,18.18041329706446,10.0
2020-07-12,Kabupaten Tasikmalaya,"3206",9,1,1,7,2.0,147.27093715882035,21.797777954112277,9.0
2020-07-12,Kota Bandung,"3273",439,241,42,156,3.0,118.41094771822675,13.027127720558598,11.0
2020-07-12,Kota Banjar,"3279",12,8,1,3,2.0,103.63018226623535,23.929366046732124,6.5
2020-07-12,Kota Bekasi,"3275",560,344,30,186,2.0,126.86325722651566,14.112555247755333,10.0
2020-07-12,Kota Bogor,"3271",207,106,16,85,2.0,121.6082565790181,16.452779712535744,10.0
2020-07-12,Kota Cimahi,"3277",137,65,1,71,3.0,76.72649447875615,9.913325518810538,21.0
2020-07-12,Kota Cirebon,"3274",32,9,1,22,3.0,108.57558398579442,16.103479733577995,8.0
2020-07-12,Kota Depok,"3276",852,480,38,334,2.0,134.30755659778893,15.555625058950454,10.0
2020-07-12,Kota Sukabumi,"3272",47,40,0,7,2.0,119.71739859869017,17.474651269464683,8.0
2020-07-12,Kota Tasikmalaya,"3278",24,21,2,1,2.0,103.65933790594009,17.992025028735508,9.0
2020-07-13,Kabupaten Bandung,"3204",129,59,6,64,2.0,110.54841296150961,15.33751242029053,11.0
2020-07-13,Kabupaten Bandung Barat,"3217",79,47,1,31,2.0,137.41856961093106,17.998248417233373,10.0
2020-07-13,Kabupaten Bekasi,"3216",292,120,22,150,2.0,123.01441675237571,14.77523676981928,9.0
2020-07-13,Kabupaten Bogor,"3201",269,148,9,112,2.0,133.39827557396217,16.177347999445917,10.0
2020-07-13,Kabupaten Ciamis,"3207",13,5,0,8,2.0,108.83603065601294,28.274436131767605,9.0
2020-07-13,Kabupaten Cianjur,"3203",28,13,1,14,2.0,147.53210622248267,21.565158807778662,10.0
2020-07-13,Kabupaten Cirebon,"3209",19,4,2,13,2.0,108.43000963145289,20.546157642068533,8.0
2020-07-13,Kabupaten Garut,"3205",23,8,3,12,2.0,131.577004180235,21.58062564888421,9.0
2020-07-13,Kabupaten Indramayu,"3212",36,12,3,21,2.0,125.82014933671101,26.929802168713938,8.0
2020-07-13,Kabupaten Karawang,"3215",52,12,1,39,2.0,121.4062527075927,20.03778363853599,8.0
2020-07-13,Kabupaten Kuningan,"3208",34,12,2,20,2.0,119.98374513546992,24.387075593394616,8.0
2020-07-13,Kabupaten Majalengka,"3210",8,4,1,3,2.0,146.70597848025236,22.97520374642177,9.0
2020-07-13,Kabupaten Pangandaran,"3218",20,2,0,18,2.0,162.73180728488498,24.802459133995903,8.0
2020-07-13,Kabupaten Purwakarta,"3214",36,23,1,12,2.0,123.98811626650578,22.301986431588933,9.0
2020-07-13,Kabupaten Subang,"3213",54,29,2,23,2.0,149.56214438684728,22.903755756403438,8.5
2020-07-13,Kabupaten Sukabumi,"3202",68,28,0,40,2.0,182.31996055549675,18.767883170067847,10.0
2020-07-13,Kabupaten Sumedang,"3211",19,12,0,7,2.0,133.0565130115745,18.403160918496564,9.0
2020-07-13,Kabupaten Tasikmalaya,"3206",11,1,1,9,2.0,142.90976076318114,22.43078707368582,9.0
2020-07-13,Kota Bandung,"3273",440,242,42,156,3.0,111.53086051580213,13.074439183985703,12.0
2020-07-13,Kota Banjar,"3279",12,8,1,3,2.0,116.90536225147737,26.244697387401875,4.0
2020-07-13,Kota Bekasi,"3275",583,350,30,203,2.0,123.1367306900488,14.03490816129152,10.0
2020-07-13,Kota Bogor,"3271",207,107,16,84,2.0,116.12214626392849,16.18121377420677,9.0
2020-07-13,Kota Cimahi,"3277",137,65,1,71,3.0,78.24921980957731,9.6877016036035,17.0
2020-07-13,Kota Cirebon,"3274",32,9,1,22,3.0,106.54270345363034,16.04516266943586,9.0
2020-07-13,Kota Depok,"3276",872,482,38,352,2.0,122.1823893402921,15.653143776931625,10.0
2020-07-13,Kota Sukabumi,"3272",47,40,0,7,2.0,113.19697359182538,19.432597017636265,8.0
2020-07-13,Kota Tasikmalaya,"3278",24,21,2,1,2.0,93.63637218013355,17.501201084328358,9.0
2020-07-14,Kabupaten Bandung,"3204",132,59,6,67,2.0,110.92679656562612,15.771787659864891,11.0
2020-07-14,Kabupaten Bandung Barat,"3217",79,47,1,31,2.0,130.7127423584123,17.87007669531122,10.0
2020-07-14,Kabupaten Bekasi,"3216",304,126,22,156,2.0,121.86382478741149,15.023785491519748,9.0
2020-07-14,Kabupaten Bogor,"3201",280,148,9,123,2.0,140.63557560669673,16.242264744108244,10.0
2020-07-14,Kabupaten Ciamis,"3207",13,5,0,8,2.0,130.2496652326722,28.2175684908162,9.0
2020-07-14,Kabupaten Cianjur,"3203",29,13,1,15,2.0,189.09971209728357,20.747706927359104,11.0
2020-07-14,Kabupaten Cirebon,"3209",20,4,2,14,2.0,106.11704164693504,20.18725701272987,9.0
2020-07-14,Kabupaten Garut,"3205",24,8,3,13,2.0,129.9968707957453,20.462888640144268,9.0
2020-07-14,Kabupaten Indramayu,"3212",36,12,3,21,2.0,162.6843756247258,26.316774948783543,8.5
2020-07-14,Kabupaten Karawang,"3215",54,12,1,41,2.0,121.43686547238603,20.053624742051475,8.0
2020-07-14,Kabupaten Kuningan,"3208",34,12,2,20,2.0,116.87683270946485,25.1426603151783,9.0
2020-07-14,Kabupaten Majalengka,"3210",8,4,1,3,2.0,149.4406308349298,23.164543114146408,9.0
2020-07-14,Kabupaten Pangandaran,"3218",20,2,0,18,1.0,188.42804336547852,24.41931727125838,11.0
2020-07-14,Kabupaten Purwakarta,"3214",37,23,1,13,2.0,117.11584747000916,21.378326996276368,9.0
2020-07-14,Kabupaten Subang,"3213",55,29,2,24,2.0,142.6109049108964,23.219379243216938,9.0
2020-07-14,Kabupaten Sukabumi,"3202",70,28,0,42,2.0,186.0977055568321,18.712735572282007,10.0
2020-07-14,Kabupaten Sumedang,"3211",19,12,0,7,2.0,128.4775221901188,19.58129771153994,10.0
2020-07-14,Kabupaten Tasikmalaya,"3206",11,1,1,9,2.0,117.59258204715353,23.34906271813621,8.0
2020-07-14,Kota Bandung,"3273",444,245,42,157,3.0,109.65855886790673,13.358756194014566,11.0
2020-07-14,Kota Banjar,"3279",12,8,1,3,2.0,94.61057877540588,25.667868673801422,7.0
2020-07-14,Kota Bekasi,"3275",594,360,30,204,2.0,122.10738358345363,14.07531689665489,10.0
2020-07-14,Kota Bogor,"3271",208,114,16,78,2.0,118.15094520254661,16.38187099688722,9.0
2020-07-14,Kota Cimahi,"3277",137,66,1,70,3.0,78.35732870151342,9.9152533695076,20.0
2020-07-14,Kota Cirebon,"3274",32,9,1,22,3.0,107.21906085618198,16.229965501477103,8.0
2020-07-14,Kota Depok,"3276",895,483,38,374,2.0,119.91077895959218,16.219520550417272,10.0
2020-07-14,Kota Sukabumi,"3272",47,40,0,7,2.0,124.2303981220021,17.892321346437228,9.0
2020-07-14,Kota Tasikmalaya,"3278",24,21,2,1,2.0,99.1453577085983,18.004467254461243,8.0
2020-07-15,Kabupaten Bandung,"3204",135,60,6,69,2.0,112.52235937852126,16.004585822434215,10.0
2020-07-15,Kabupaten Bandung Barat,"3217",79,49,1,29,2.0,127.79140143621535,18.090994346283733,9.0
2020-07-15,Kabupaten Bekasi,"3216",313,132,23,158,2.0,127.01796984453622,15.267347380173588,9.0
2020-07-15,Kabupaten Bogor,"3201",288,150,9,129,2.0,142.5177525179134,16.283229268904634,10.0
2020-07-15,Kabupaten Ciamis,"3207",13,5,0,8,2.0,115.91340281348346,27.57710234183726,9.0
2020-07-15,Kabupaten Cianjur,"3203",31,13,1,17,2.0,178.56884143308807,20.778167652743896,11.0
2020-07-15,Kabupaten Cirebon,"3209",24,4,2,18,2.0,115.76323396021571,20.116561020783635,9.0
2020-07-15,Kabupaten Garut,"3205",24,11,3,10,2.0,126.96376032177128,21.1503413108907,9.0
2020-07-15,Kabupaten Indramayu,"3212",36,13,3,20,2.0,120.15827638176596,24.844409405046207,8.0
2020-07-15,Kabupaten Karawang,"3215",56,21,1,34,2.0,133.44551640666424,20.302890834385668,8.0
2020-07-15,Kabupaten Kuningan,"3208",41,12,2,27,2.0,107.99029849904828,24.60644923480211,9.0
2020-07-15,Kabupaten Majalengka,"3210",8,4,1,3,2.0,128.7538569340339,22.292167943257553,9.0
2020-07-15,Kabupaten Pangandaran,"3218",21,2,0,19,1.0,181.3490492876838,26.640511323423947,7.5
2020-07-15,Kabupaten Purwakarta,"3214",38,25,1,12,2.0,125.7152366379852,20.850587500675537,8.0
2020-07-15,Kabupaten Subang,"3213",59,32,2,25,2.0,132.7501197742049,22.603731064280126,9.0
2020-07-15,Kabupaten Sukabumi,"3202",73,29,0,44,2.0,194.05920318217474,17.421864541884904,12.0
2020-07-15,Kabupaten Sumedang,"3211",21,12,0,9,2.0,126.63172644623054,17.844524332314485,10.0
2020-07-15,Kabupaten Tasikmalaya,"3206",11,1,1,9,2.0,126.71977353937486,22.365017853063694,9.5
2020-07-15,Kota Bandung,"3273",449,282,42,125,3.0,110.01498129674873,13.349820195802852,11.0
2020-07-15,Kota Banjar,"3279",12,8,1,3,2.0,110.55782136462983,24.4349125964301,7.0
2020-07-15,Kota Bekasi,"3275",610,378,30,202,2.0,120.95175724533817,14.404083432750792,10.0
2020-07-15,Kota Bogor,"3271",208,123,16,69,2.0,114.25653498837737,16.407399896253533,9.0
2020-07-15,Kota Cimahi,"3277",137,67,1,69,3.0,79.0138185260239,10.904787382778455,15.0
2020-07-15,Kota Cirebon,"3274",32,9,1,22,3.0,112.30121415425715,16.32328898712779,8.0
2020-07-15,Kota Depok,"3276",900,519,38,343,2.0,124.8434136092879,15.776984131996771,9.0
2020-07-15,Kota Sukabumi,"3272",50,41,0,9,2.0,118.77109934871358,18.048927047198877,9.0
2020-07-15,Kota Tasikmalaya,"3278",24,21,2,1,2.0,95.53360931961625,18.456087757039953,9.0
2020-07-16,Kabupaten Bandung,"3204",147,60,6,81,2.0,115.24621091171049,15.836843770389825,10.0
2020-07-16,Kabupaten Bandung Barat,"3217",79,50,1,28,2.0,126.44027706202615,18.345007326655786,10.0
2020-07-16,Kabupaten Bekasi,"3216",317,141,23,153,2.0,125.67227985592126,14.907568622704721,9.0
2020-07-16,Kabupaten Bogor,"3201",291,154,9,128,2.0,137.38634332102797,16.28398603390912,10.0
2020-07-16,Kabupaten Ciamis,"3207",13,5,0,8,2.0,115.51495406610502,27.933122842431928,9.0
2020-07-16,Kabupaten Cianjur,"3203",31,13,1,17,2.0,146.5458002033575,21.087072014097664,10.0
2020-07-16,Kabupaten Cirebon,"3209",24,4,2,18,2.0,117.61293192522241,19.70474022408144,8.0
2020-07-16,Kabupaten Garut,"3205",24,11,3,10,2.0,130.15306389509743,20.227382803585993,9.0
2020-07-16,Kabupaten Indramayu,"3212",36,13,3,20,2.0,135.51003456115723,25.492655657514742,9.0
2020-07-16,Kabupaten Karawang,"3215",59,21,1,37,2.0,127.20440548203557,19.969150062545715,9.0
2020-07-16,Kabupaten Kuningan,"3208",41,12,2,27,2.0,118.43944590180008,24.46686746235247,9.0
2020-07-16,Kabupaten Majalengka,"3210",8,4,1,3,2.0,128.8950991197066,23.191740214824677,8.0
2020-07-16,Kabupaten Pangandaran,"3218",21,2,0,19,1.5,130.55670356750488,27.540245923128996,9.0
2020-07-16,Kabupaten Purwakarta,"3214",38,25,1,12,2.0,123.45746814264163,21.23657557806735,9.0
2020-07-16,Kabupaten Subang,"3213",59,32,2,25,2.0,139.86525564658933,23.99511941177089,9.0
2020-07-16,Kabupaten Sukabumi,"3202",73,29,0,44,2.0,184.78272531612825,18.505727752610984,11.0
2020-07-16,Kabupaten Sumedang,"3211",21,12,0,9,2.0,123.81455423709433,18.37691380407499,10.0
2020-07-16,Kabupaten Tasikmalaya,"3206",11,1,1,9,2.0,137.90123646541014,22.148127615623583,10.0
2020-07-16,Kota Bandung,"3273",451,283,42,126,3.0,116.87927036207628,13.07917921318009,11.0
2020-07-16,Kota Banjar,"3279",12,8,1,3,2.0,102.22282098468982,22.987095205407392,8.0
2020-07-16,Kota Bekasi,"3275",610,381,30,199,2.0,119.74230313706184,14.192020616194036,10.0
2020-07-16,Kota Bogor,"3271",208,127,16,65,2.0,114.71964435703707,16.66742495787854,9.0
2020-07-16,Kota Cimahi,"3277",138,73,1,64,3.0,88.97577536206964,10.51979629218881,15.0
2020-07-16,Kota Cirebon,"3274",32,9,1,22,3.0,110.88912152660136,15.19266606155707,8.0
2020-07-16,Kota Depok,"3276",910,528,38,344,2.0,127.07786426809508,15.691126209690914,10.0
2020-07-16,Kota Sukabumi,"3272",51,41,0,10,2.0,112.31550516401019,18.272440711089544,8.0
2020-07-16,Kota Tasikmalaya,"3278",24,21,2,1,2.0,98.51377708681169,16.981096506118774,9.0
2020-07-18,Kabupaten Bandung,"3204",159,65,6,88,2.0,137.80572102945612,15.699807153271175,12.0
2020-07-18,Kabupaten Bandung Barat,"3217",83,50,1,32,2.0,158.26683001756257,16.630253686449407,11.0
2020-07-18,Kabupaten Bekasi,"3216",325,158,25,142,2.0,119.98300825768962,14.519541917399469,9.0
2020-07-18,Kabupaten Bogor,"3201",296,166,9,121,2.0,161.45821491935746,15.233115464924303,11.0
2020-07-18,Kabupaten Ciamis,"3207",13,6,0,7,2.0,115.27236737703022,27.42220722539273,10.0
2020-07-18,Kabupaten Cianjur,"3203",36,14,1,21,2.0,221.07703528214026,19.05348721954157,12.0
2020-07-18,Kabupaten Cirebon,"3209",26,4,2,20,2.0,111.29696839640364,19.828286542801486,9.0
2020-07-18,Kabupaten Garut,"3205",24,12,3,9,2.0,151.46057557200527,20.285920361409318,11.0
2020-07-18,Kabupaten Indramayu,"3212",40,13,4,23,2.0,130.02601546135503,25.68834327730004,8.0
2020-07-18,Kabupaten Karawang,"3215",61,21,1,39,2.0,129.63385530577168,19.916533272927616,8.0
2020-07-18,Kabupaten Kuningan,"3208",41,13,2,26,2.0,124.51453735037757,23.915417763138798,10.0
2020-07-18,Kabupaten Majalengka,"3210",8,4,1,3,2.0,126.7449267080852,22.07066764150347,9.0
2020-07-18,Kabupaten Pangandaran,"3218",21,3,0,18,2.0,211.55521978848222,25.273434141407844,9.0
2020-07-18,Kabupaten Purwakarta,"3214",40,26,1,13,2.0,129.00912043456222,19.74884373416622,10.0
2020-07-18,Kabupaten Subang,"3213",60,32,2,26,2.0,134.18864837376682,22.90579748832875,10.0
2020-07-18,Kabupaten Sukabumi,"3202",74,29,0,45,2.0,175.33551359412306,18.50059711736745,11.0
2020-07-18,Kabupaten Sumedang,"3211",21,13,0,8,2.0,141.8303549327021,19.22055017761562,10.0
2020-07-18,Kabupaten Tasikmalaya,"3206",11,1,1,9,2.0,151.09800029608252,22.262023159935566,10.0
2020-07-18,Kota Bandung,"3273",478,287,42,149,3.0,98.01423572951097,13.912932448717264,10.0
2020-07-18,Kota Banjar,"3279",12,8,1,3,2.0,115.28066764244666,22.812809782761793,7.0
2020-07-18,Kota Bekasi,"3275",616,391,30,195,2.0,106.12700732863429,14.142459483941396,9.0
2020-07-18,Kota Bogor,"3271",211,128,16,67,2.0,128.33817035395924,15.325269113654215,10.0
2020-07-18,Kota Cimahi,"3277",143,77,1,65,3.0,64.13050960299756,10.569186790316712,19.0
2020-07-18,Kota Cirebon,"3274",33,9,1,23,3.0,104.07767509377521,16.912393050997153,9.0
2020-07-18,Kota Depok,"3276",932,539,38,355,2.0,123.34280650609531,15.748906265056718,10.0
2020-07-18,Kota Sukabumi,"3272",52,41,0,11,2.0,114.52398515630651,17.780031926102108,8.5
2020-07-18,Kota Tasikmalaya,"3278",24,22,2,0,2.0,95.83765070061935,18.877044345621478,8.0
2020-07-19,Kabupaten Bandung,"3204",160,65,6,89,2.0,117.71061234155489,16.129959237605597,10.0
2020-07-19,Kabupaten Bandung Barat,"3217",84,50,1,33,2.0,125.22046625563294,18.40249301156143,9.0
2020-07-19,Kabupaten Bekasi,"3216",331,162,25,144,2.0,118.21539681327081,15.130650522332912,9.0
2020-07-19,Kabupaten Bogor,"3201",298,166,9,123,2.0,134.62041052400713,16.501363874240937,10.0
2020-07-19,Kabupaten Ciamis,"3207",13,6,0,7,2.0,113.85356512256698,27.91225023129407,8.0
2020-07-19,Kabupaten Cianjur,"3203",36,14,1,21,2.0,149.63747051608178,21.27957665945894,10.0
2020-07-19,Kabupaten Cirebon,"3209",27,4,2,21,2.0,111.61866802955741,20.592109458660012,9.0
2020-07-19,Kabupaten Garut,"3205",24,12,3,9,2.0,139.923376155805,21.43142050278338,9.0
2020-07-19,Kabupaten Indramayu,"3212",40,13,4,23,2.0,124.47647938925839,25.55570557554798,8.0
2020-07-19,Kabupaten Karawang,"3215",63,21,1,41,2.0,123.8861111549482,19.465344129359885,8.0
2020-07-19,Kabupaten Kuningan,"3208",41,13,2,26,2.0,112.25573074641486,25.29302967710448,9.0
2020-07-19,Kabupaten Majalengka,"3210",8,4,1,3,2.0,135.96497203906378,22.009675959746044,9.0
2020-07-19,Kabupaten Pangandaran,"3218",21,3,0,18,2.0,137.6781701480641,25.97070598602295,10.0
2020-07-19,Kabupaten Purwakarta,"3214",40,26,1,13,2.0,122.42338060990475,22.04395078814201,9.0
2020-07-19,Kabupaten Subang,"3213",61,32,2,27,2.0,135.24862098693848,24.555886276837054,9.0
2020-07-19,Kabupaten Sukabumi,"3202",74,29,0,45,2.0,164.330179500147,18.563779367080436,10.0
2020-07-19,Kabupaten Sumedang,"3211",21,13,0,8,2.0,117.16922671123616,18.743807636997076,9.0
2020-07-19,Kabupaten Tasikmalaya,"3206",11,1,1,9,2.0,113.24653718491231,23.262528360382586,9.0
2020-07-19,Kota Bandung,"3273",478,287,42,149,3.0,103.23063832987457,13.21957798832554,11.0
2020-07-19,Kota Banjar,"3279",12,8,1,3,2.0,106.61882197062174,23.126719760894776,7.0
2020-07-19,Kota Bekasi,"3275",619,391,30,198,2.0,116.98428724891227,14.347041252700997,10.0
2020-07-19,Kota Bogor,"3271",213,128,16,69,2.0,111.71951031596244,16.492970804742722,9.0
2020-07-19,Kota Cimahi,"3277",143,77,1,65,3.0,80.97201975186665,12.270169502000014,11.0
2020-07-19,Kota Cirebon,"3274",33,9,1,23,3.0,102.76054039001465,15.94362014594831,9.0
2020-07-19,Kota Depok,"3276",939,539,38,362,2.0,122.28520913869646,16.095972702661435,10.0
2020-07-19,Kota Sukabumi,"3272",52,41,0,11,2.0,109.50138263141407,18.553288607036365,8.0
2020-07-19,Kota Tasikmalaya,"3278",24,22,2,0,2.0,85.7323954472175,18.308749923339256,9.0
2020-07-20,Kabupaten Bandung,"3204",165,65,6,94,2.0,119.9185664329303,17.633926179899266,9.0
2020-07-20,Kabupaten Bandung Barat,"3217",84,50,1,33,2.0,131.5240674079993,18.826098392025017,10.0
2020-07-20,Kabupaten Bekasi,"3216",335,191,26,118,2.0,115.97658712464568,15.197546856961916,10.0
2020-07-20,Kabupaten Bogor,"3201",300,175,9,116,2.0,129.0222908038068,16.71377012247409,10.0
2020-07-20,Kabupaten Ciamis,"3207",13,6,0,7,2.0,121.0844456947456,27.604710740558172,9.0
2020-07-20,Kabupaten Cianjur,"3203",36,15,1,20,2.0,142.67472887175035,21.733846740505296,10.0
2020-07-20,Kabupaten Cirebon,"3209",27,4,3,20,2.0,104.30611598107123,21.51451704304339,9.0
2020-07-20,Kabupaten Garut,"3205",29,17,3,9,2.0,129.72017476913777,21.293885191387318,9.0
2020-07-20,Kabupaten Indramayu,"3212",40,13,4,23,2.0,162.50660933847502,23.861314871179776,9.0
2020-07-20,Kabupaten Karawang,"3215",63,21,1,41,2.0,130.2875183136109,20.37434152091842,9.0
2020-07-20,Kabupaten Kuningan,"3208",47,13,2,32,2.0,103.53228080819507,25.109895312458004,9.0
2020-07-20,Kabupaten Majalengka,"3210",8,4,1,3,2.0,134.23394760252938,23.675847842579795,9.0
2020-07-20,Kabupaten Pangandaran,"3218",21,3,0,18,2.0,179.06591081619263,24.091163605451584,9.0
2020-07-20,Kabupaten Purwakarta,"3214",40,27,1,12,2.0,113.56733358823337,23.5525559981664,9.0
2020-07-20,Kabupaten Subang,"3213",61,32,2,27,2.0,138.5224518335166,22.806527164803832,10.0
2020-07-20,Kabupaten Sukabumi,"3202",74,30,0,44,2.0,185.0272761130245,17.717460103140546,11.0
2020-07-20,Kabupaten Sumedang,"3211",21,15,0,6,2.0,137.12056683219052,19.549237444439036,10.0
2020-07-20,Kabupaten Tasikmalaya,"3206",11,1,1,9,2.0,130.8041401963737,22.810618642586558,8.0
2020-07-20,Kota Bandung,"3273",482,293,42,147,3.0,99.56493371674509,12.919329100341509,12.0
2020-07-20,Kota Banjar,"3279",12,8,1,3,2.0,138.79070477369356,23.200885830855952,6.0
2020-07-20,Kota Bekasi,"3275",620,404,30,186,2.0,117.59389985119749,14.040580866115832,10.0
2020-07-20,Kota Bogor,"3271",250,136,16,98,2.0,108.80022818889093,17.14522739841577,9.0
2020-07-20,Kota Cimahi,"3277",145,78,2,65,2.0,99.77503630694221,15.75402696849474,10.0
2020-07-20,Kota Cirebon,"3274",33,10,1,22,3.0,101.49852498372395,16.89975433060617,8.0
2020-07-20,Kota Depok,"3276",983,600,39,344,2.0,111.98294207725374,16.272848645006178,9.0
2020-07-20,Kota Sukabumi,"3272",52,41,0,11,2.0,118.85718769309796,18.015684727018915,9.0
2020-07-20,Kota Tasikmalaya,"3278",24,22,2,0,2.0,89.46120501088572,17.250565298311002,9.0
2020-07-21,Kabupaten Bandung,"3204",172,65,6,101,2.0,117.74051041481712,17.770862089547244,9.0
2020-07-21,Kabupaten Bandung Barat,"3217",84,50,2,32,2.0,128.6679595527704,18.300910425945233,9.0
2020-07-21,Kabupaten Bekasi,"3216",337,193,27,117,2.0,132.9043771347373,14.695190103139593,9.0
2020-07-21,Kabupaten Bogor,"3201",301,198,9,94,2.0,131.48744214217433,16.333532398564394,9.0
2020-07-21,Kabupaten Ciamis,"3207",13,6,0,7,2.0,121.05614169138782,27.081218921013598,8.0
2020-07-21,Kabupaten Cianjur,"3203",36,15,1,20,2.0,149.18364705769753,20.62892964321421,10.0
2020-07-21,Kabupaten Cirebon,"3209",37,4,3,30,2.0,105.99513158162435,20.552699908301943,8.0
2020-07-21,Kabupaten Garut,"3205",29,17,3,9,2.0,125.6302384467974,20.82905858575481,9.0
2020-07-21,Kabupaten Indramayu,"3212",40,13,4,23,1.0,128.063746999363,27.476137587261682,8.0
2020-07-21,Kabupaten Karawang,"3215",67,21,1,45,2.0,181.61601723564996,19.663420991854625,8.0
2020-07-21,Kabupaten Kuningan,"3208",48,13,2,33,2.0,103.39656066894531,24.112306801730362,8.0
2020-07-21,Kabupaten Majalengka,"3210",8,4,1,3,2.0,129.97215246646962,23.61435564866303,8.0
2020-07-21,Kabupaten Pangandaran,"3218",21,3,0,18,1.5,234.68042373657227,21.897241830825806,8.0
2020-07-21,Kabupaten Purwakarta,"3214",43,27,1,15,2.0,121.07122316333148,21.610333806805762,8.0
2020-07-21,Kabupaten Subang,"3213",61,34,2,25,2.0,123.60078388149455,25.004838230246204,9.0
2020-07-21,Kabupaten Sukabumi,"3202",75,30,0,45,2.0,165.17152269552167,18.295443646840894,10.0
2020-07-21,Kabupaten Sumedang,"3211",23,15,0,8,2.0,126.20421708701313,19.39770747060361,9.0
2020-07-21,Kabupaten Tasikmalaya,"3206",15,1,1,13,2.0,127.7233075044593,22.317357416542208,9.0
2020-07-21,Kota Bandung,"3273",483,310,42,131,3.0,99.9799861149514,13.169718038105298,11.0
2020-07-21,Kota Banjar,"3279",12,8,1,3,2.0,97.752516746521,25.64710445702076,6.5
2020-07-21,Kota Bekasi,"3275",625,419,31,175,2.0,118.00965175881291,14.187706832794953,9.0
2020-07-21,Kota Bogor,"3271",251,143,16,92,2.0,111.2013829378209,16.49149177005397,8.0
2020-07-21,Kota Cimahi,"3277",145,78,2,65,2.0,106.44392946864782,15.41318326736434,10.0
2020-07-21,Kota Cirebon,"3274",33,10,2,21,3.0,104.07625514489634,17.018094969016534,7.0
2020-07-21,Kota Depok,"3276",1048,613,40,395,2.0,118.77934461055769,16.52389548642989,9.0
2020-07-21,Kota Sukabumi,"3272",53,42,0,11,2.0,116.8508925804725,17.796614536872276,9.0
2020-07-21,Kota Tasikmalaya,"3278",25,22,2,1,2.0,92.98227596282959,17.486684341475648,9.0
2020-07-22,Kabupaten Bandung,"3204",175,65,6,104,2.0,116.07320367798448,17.606674135522688,9.0
2020-07-22,Kabupaten Bandung Barat,"3217",88,50,3,35,2.0,123.91712189259502,18.49604716442399,9.0
2020-07-22,Kabupaten Bekasi,"3216",337,193,28,116,2.0,116.68767329543947,15.292446875495637,9.0
2020-07-22,Kabupaten Bogor,"3201",305,202,9,94,2.0,123.75926756082706,16.63094589977112,9.0
2020-07-22,Kabupaten Ciamis,"3207",14,6,0,8,2.0,108.02793723949488,26.3171767094285,8.0
2020-07-22,Kabupaten Cianjur,"3203",36,15,1,20,2.0,137.4889050311353,20.70527793154659,10.0
2020-07-22,Kabupaten Cirebon,"3209",38,4,3,31,2.0,109.26333871225673,20.475429466859563,9.0
2020-07-22,Kabupaten Garut,"3205",29,17,3,9,2.0,125.46482096354167,20.602191146744623,9.0
2020-07-22,Kabupaten Indramayu,"3212",40,14,4,22,2.0,125.67361663722392,28.762101839173514,8.0
2020-07-22,Kabupaten Karawang,"3215",68,21,1,46,2.0,117.18778172992808,21.969235629723936,8.0
2020-07-22,Kabupaten Kuningan,"3208",48,13,2,33,2.0,118.49538371873939,23.93588389981772,9.0
2020-07-22,Kabupaten Majalengka,"3210",8,4,1,3,2.0,132.67396107264926,24.33523991721017,8.0
2020-07-22,Kabupaten Pangandaran,"3218",22,3,0,19,2.0,123.81083737886868,24.10092148414025,8.5
2020-07-22,Kabupaten Purwakarta,"3214",44,27,1,16,2.0,114.65151277661,20.626875540751428,8.0
2020-07-22,Kabupaten Subang,"3213",61,34,2,25,2.0,126.71563705743527,24.87677372514812,8.0
2020-07-22,Kabupaten Sukabumi,"3202",75,30,0,45,2.0,167.47733725088614,17.34792563676834,10.0
2020-07-22,Kabupaten Sumedang,"3211",23,15,0,8,2.0,116.18144070489889,19.193144557699338,9.0
2020-07-22,Kabupaten Tasikmalaya,"3206",15,2,1,12,2.0,117.30622963283373,22.90800349911054,8.5
2020-07-22,Kota Bandung,"3273",487,339,42,106,3.0,100.54817231051945,12.921383090696233,11.0
2020-07-22,Kota Banjar,"3279",12,8,1,3,2.0,137.5040730067662,24.289189565749396,6.0
2020-07-22,Kota Bekasi,"3275",629,421,32,176,2.0,113.8776449447462,14.277188701199954,9.0
2020-07-22,Kota Bogor,"3271",252,144,17,91,2.0,104.20595706390499,16.577283265757654,8.0
2020-07-22,Kota Cimahi,"3277",147,78,2,67,2.0,100.66517906758322,15.262436014057984,8.0
2020-07-22,Kota Cirebon,"3274",33,10,2,21,3.0,102.06858588735437,17.061057925749456,7.0
2020-07-22,Kota Depok,"3276",1076,617,40,419,2.0,113.95967641853827,16.311394315815363,9.0
2020-07-22,Kota Sukabumi,"3272",53,42,0,11,2.0,117.1761623195835,18.25745674446746,8.0
2020-07-22,Kota Tasikmalaya,"3278",25,22,2,1,2.0,84.92338848114014,18.818214086691537,9.0
2020-07-23,Kabupaten Bandung,"3204",180,65,6,109,2.0,117.70994886306651,16.864444693622815,9.0
2020-07-23,Kabupaten Bandung Barat,"3217",91,50,3,38,2.0,132.3401075153966,17.711647266649432,9.0
2020-07-23,Kabupaten Bekasi,"3216",339,193,28,118,2.0,122.93458527340688,14.769264509595518,9.0
2020-07-23,Kabupaten Bogor,"3201",313,206,9,98,2.0,130.32814889360768,16.948959202366414,9.0
2020-07-23,Kabupaten Ciamis,"3207",14,6,0,8,2.0,121.3318986223455,25.955768287181854,8.0
2020-07-23,Kabupaten Cianjur,"3203",36,15,1,20,2.0,151.46724063582738,20.092799056660045,9.0
2020-07-23,Kabupaten Cirebon,"3209",39,4,3,32,2.0,112.2853332507285,20.346001021169354,8.0
2020-07-23,Kabupaten Garut,"3205",29,17,3,9,2.0,122.45642582470218,19.752865330272954,9.0
2020-07-23,Kabupaten Indramayu,"3212",40,18,4,18,2.0,149.72407259259904,24.758445804621896,8.0
2020-07-23,Kabupaten Karawang,"3215",70,21,1,48,2.0,118.0974469226826,20.039975155134005,8.0
2020-07-23,Kabupaten Kuningan,"3208",49,13,2,34,2.0,112.29324006415032,24.478420661641405,8.0
2020-07-23,Kabupaten Majalengka,"3210",8,4,1,3,2.0,123.63156229471988,25.51361432178415,9.0
2020-07-23,Kabupaten Pangandaran,"3218",22,3,0,19,2.0,156.675236922044,28.83913990167471,9.0
2020-07-23,Kabupaten Purwakarta,"3214",44,27,1,16,2.0,114.4514033450356,20.371724170370946,8.0
2020-07-23,Kabupaten Subang,"3213",61,34,2,25,2.0,130.9678632934372,22.998184005161384,9.0
2020-07-23,Kabupaten Sukabumi,"3202",77,30,0,47,2.0,166.09232264495807,17.389858326277942,11.0
2020-07-23,Kabupaten Sumedang,"3211",24,15,0,9,2.0,128.1104713040729,18.5223717176637,8.5
2020-07-23,Kabupaten Tasikmalaya,"3206",19,2,1,16,2.0,132.1486997716567,21.836221520105997,10.0
2020-07-23,Kota Bandung,"3273",490,340,43,107,3.0,104.1561997677522,12.944400697601347,11.0
2020-07-23,Kota Banjar,"3279",12,8,1,3,2.0,94.05403433905707,23.959458315813983,5.0
2020-07-23,Kota Bekasi,"3275",638,421,32,185,2.0,118.25616033825493,13.944124486478913,9.0
2020-07-23,Kota Bogor,"3271",253,144,17,92,2.0,109.70495649525817,17.302616303179747,9.0
2020-07-23,Kota Cimahi,"3277",147,82,2,63,2.0,109.47833934728651,14.313984703326572,9.0
2020-07-23,Kota Cirebon,"3274",34,10,2,22,3.0,109.8104668411554,15.987539351220224,7.0
2020-07-23,Kota Depok,"3276",1090,617,40,433,2.0,127.07604745794445,15.646264752682088,9.0
2020-07-23,Kota Sukabumi,"3272",53,42,0,11,2.0,118.21680732826134,17.020067105045566,8.0
2020-07-23,Kota Tasikmalaya,"3278",27,22,2,3,2.0,87.65958805741936,17.757030531250198,9.0
2020-07-24,Kabupaten Bandung,"3204",183,65,6,112,2.0,134.39094046447644,16.269488688876883,10.0
2020-07-24,Kabupaten Bandung Barat,"3217",93,50,3,40,2.0,140.53396187126637,16.78373211226426,10.0
2020-07-24,Kabupaten Bekasi,"3216",350,193,28,129,2.0,119.97264741380269,14.11385409913448,9.0
2020-07-24,Kabupaten Bogor,"3201",323,210,9,104,2.0,150.06419987719053,15.044900913741282,10.0
2020-07-24,Kabupaten Ciamis,"3207",14,6,0,8,2.0,120.38099779234342,26.850436585081134,9.0
2020-07-24,Kabupaten Cianjur,"3203",38,15,1,22,2.0,193.18787333249307,19.12013053524974,10.0
2020-07-24,Kabupaten Cirebon,"3209",39,10,3,26,2.0,127.1375237087627,18.952704740422114,9.0
2020-07-24,Kabupaten Garut,"3205",32,17,3,12,2.0,152.81525220238495,20.202833962378485,9.0
2020-07-24,Kabupaten Indramayu,"3212",40,18,4,18,2.0,144.59148814195504,24.57474098907658,8.0
2020-07-24,Kabupaten Karawang,"3215",70,21,1,48,2.0,121.05350324896318,20.433265216441093,9.0
2020-07-24,Kabupaten Kuningan,"3208",49,13,2,34,2.0,131.6866717671239,23.025181234080925,10.0
2020-07-24,Kabupaten Majalengka,"3210",12,4,1,7,2.0,132.3103157240769,23.637067387843953,9.0
2020-07-24,Kabupaten Pangandaran,"3218",22,3,0,19,2.0,122.92331360934074,22.86786910943818,8.0
2020-07-24,Kabupaten Purwakarta,"3214",46,27,1,18,2.0,120.15397692330276,20.231741722194887,9.0
2020-07-24,Kabupaten Subang,"3213",62,35,2,25,2.0,143.3701501754656,22.16476297705888,10.0
2020-07-24,Kabupaten Sukabumi,"3202",78,30,0,48,2.0,186.51389194537,17.70788027976848,11.0
2020-07-24,Kabupaten Sumedang,"3211",24,15,0,9,2.0,137.37750450961562,18.126063678638044,9.0
2020-07-24,Kabupaten Tasikmalaya,"3206",20,2,1,17,2.0,145.9281213571175,22.372644968390784,10.0
2020-07-24,Kota Bandung,"3273",496,341,43,112,3.0,110.95544776085416,12.78109109106926,11.0
2020-07-24,Kota Banjar,"3279",12,8,1,3,2.0,109.61349558830261,21.855216458439827,7.0
2020-07-24,Kota Bekasi,"3275",669,424,32,213,2.0,121.54946504561342,13.427658481337449,10.0
2020-07-24,Kota Bogor,"3271",260,144,17,99,2.0,130.8475042204667,14.526877833508497,10.0
2020-07-24,Kota Cimahi,"3277",147,82,2,63,2.0,106.81852968471257,14.905366412297948,9.0
2020-07-24,Kota Cirebon,"3274",34,10,2,22,3.0,120.5208930847363,15.035456059458918,9.0
2020-07-24,Kota Depok,"3276",1096,620,40,436,2.0,136.63631531329543,14.566671810778756,10.0
2020-07-24,Kota Sukabumi,"3272",53,43,0,10,2.0,123.33058654322768,17.81043074347756,8.0
2020-07-24,Kota Tasikmalaya,"3278",27,22,2,3,2.0,102.09898979670417,17.913200971508815,8.0
2020-07-25,Kabupaten Bandung,"3204",186,66,6,114,2.0,139.68578481409952,17.344938058817117,10.0
2020-07-25,Kabupaten Bandung Barat,"3217",93,50,3,40,2.0,146.15595428496454,17.307660295965604,10.0
2020-07-25,Kabupaten Bekasi,"3216",361,193,28,140,2.0,109.73615102548429,14.73852661186472,8.0
2020-07-25,Kabupaten Bogor,"3201",326,211,9,106,2.0,155.58362871196297,15.463432250073243,9.0
2020-07-25,Kabupaten Ciamis,"3207",14,6,0,8,2.0,127.23546919557783,25.09502273839381,9.0
2020-07-25,Kabupaten Cianjur,"3203",38,15,1,22,2.0,222.91221375456706,19.873798672401623,11.0
2020-07-25,Kabupaten Cirebon,"3209",39,10,3,26,2.0,106.85965933865064,20.937064927734742,8.0
2020-07-25,Kabupaten Garut,"3205",33,17,3,13,2.0,144.90127734004372,20.69616512395923,10.0
2020-07-25,Kabupaten Indramayu,"3212",40,18,4,18,2.0,164.9742211678728,24.84123508254094,8.0
2020-07-25,Kabupaten Karawang,"3215",72,21,1,50,2.0,125.92470666056205,19.628947497055957,8.0
2020-07-25,Kabupaten Kuningan,"3208",49,13,2,34,2.0,116.05303834060143,23.718636476582493,9.0
2020-07-25,Kabupaten Majalengka,"3210",12,4,1,7,2.0,114.16146845736746,24.82266536405531,8.5
2020-07-25,Kabupaten Pangandaran,"3218",22,3,0,19,2.0,119.14305771721735,20.30631497612706,5.5
2020-07-25,Kabupaten Purwakarta,"3214",47,27,1,19,2.0,128.9009536923386,19.731911479675862,9.0
2020-07-25,Kabupaten Subang,"3213",62,46,2,14,2.0,141.77259930850127,22.838887189978546,10.0
2020-07-25,Kabupaten Sukabumi,"3202",78,30,0,48,2.0,170.38884700314028,19.017584012628912,11.0
2020-07-25,Kabupaten Sumedang,"3211",25,15,0,10,2.0,120.81190890488293,19.44311771690131,10.0
2020-07-25,Kabupaten Tasikmalaya,"3206",21,2,1,18,2.0,134.41183071601682,22.92633959901365,10.0
2020-07-25,Kota Bandung,"3273",513,341,43,129,3.0,94.14628951765215,13.075764787463076,11.0
2020-07-25,Kota Banjar,"3279",12,8,1,3,1.0,143.90849722885503,23.999125617306408,4.0
2020-07-25,Kota Bekasi,"3275",686,425,32,229,2.0,104.96851616413542,14.368493105379397,8.0
2020-07-25,Kota Bogor,"3271",263,144,17,102,2.0,124.64258289040986,15.411613103534494,8.0
2020-07-25,Kota Cimahi,"3277",152,82,2,68,2.0,88.51644921224626,16.42816867124839,8.0
2020-07-25,Kota Cirebon,"3274",34,10,2,22,3.0,99.22804435907408,17.068223509677622,7.0
2020-07-25,Kota Depok,"3276",1103,640,40,423,2.0,122.9569640528072,15.567275568030098,8.0
2020-07-25,Kota Sukabumi,"3272",53,43,0,10,2.0,118.25569742153853,18.000135146654568,9.0
2020-07-25,Kota Tasikmalaya,"3278",27,22,2,3,2.0,88.94143570446577,19.32108530255615,9.0
2020-07-26,Kabupaten Bandung,"3204",186,66,6,114,2.0,124.8399016031662,16.970644733332403,9.0
2020-07-26,Kabupaten Bandung Barat,"3217",93,52,3,38,2.0,120.82191732990948,18.107044649261958,9.0
2020-07-26,Kabupaten Bekasi,"3216",369,194,28,147,2.0,123.01075059378789,14.76464945734932,9.0
2020-07-26,Kabupaten Bogor,"3201",337,212,9,116,2.0,132.39617545422158,16.340857701795283,10.0
2020-07-26,Kabupaten Ciamis,"3207",14,6,0,8,2.0,112.45839408009323,26.47829262743291,9.0
2020-07-26,Kabupaten Cianjur,"3203",39,15,1,23,2.0,156.55495137220237,20.524594136845995,11.0
2020-07-26,Kabupaten Cirebon,"3209",39,10,3,26,2.0,106.87211717678817,21.278040920358688,8.0
2020-07-26,Kabupaten Garut,"3205",33,17,3,13,2.0,123.58071586503411,20.59801090697539,9.0
2020-07-26,Kabupaten Indramayu,"3212",40,18,4,18,2.0,122.4807132212321,25.8845268535614,9.0
2020-07-26,Kabupaten Karawang,"3215",81,21,1,59,2.0,120.68506871761379,20.01923381746708,8.0
2020-07-26,Kabupaten Kuningan,"3208",49,13,2,34,2.0,118.94845729546259,24.668358364361243,9.0
2020-07-26,Kabupaten Majalengka,"3210",12,4,1,7,2.0,118.70027544384911,22.746718449251993,8.0
2020-07-26,Kabupaten Pangandaran,"3218",22,3,0,19,1.0,112.39882481892904,27.662044874827068,5.5
2020-07-26,Kabupaten Purwakarta,"3214",47,27,1,19,2.0,105.06777219594636,21.324085180803856,8.0
2020-07-26,Kabupaten Subang,"3213",62,46,2,14,2.0,134.45762879719106,22.976437572360965,9.0
2020-07-26,Kabupaten Sukabumi,"3202",78,31,0,47,2.0,163.2990108825485,17.959312655444254,11.0
2020-07-26,Kabupaten Sumedang,"3211",25,15,0,10,2.0,119.58300562155142,18.136555383226266,8.0
2020-07-26,Kabupaten Tasikmalaya,"3206",21,2,1,18,2.0,118.89088853306595,22.74523922751181,9.0
2020-07-26,Kota Bandung,"3273",517,346,43,128,3.0,103.37169083719223,12.631852033058887,11.0
2020-07-26,Kota Banjar,"3279",12,8,1,3,1.0,106.6009407043457,26.16082128611478,6.5
2020-07-26,Kota Bekasi,"3275",694,429,32,233,2.0,115.30873052764358,14.263767398072963,9.0
2020-07-26,Kota Bogor,"3271",264,144,17,103,2.0,116.80675707158355,16.14857042573162,9.0
2020-07-26,Kota Cimahi,"3277",152,82,2,68,2.0,123.17777633666992,14.164656774372073,10.0
2020-07-26,Kota Cirebon,"3274",34,10,2,22,3.0,103.42419607628325,17.882396856211297,8.0
2020-07-26,Kota Depok,"3276",1108,647,40,421,2.0,113.92658335988115,16.010263309246156,9.0
2020-07-26,Kota Sukabumi,"3272",54,43,0,11,2.0,110.60992262793368,19.130513535171257,8.0
2020-07-26,Kota Tasikmalaya,"3278",27,22,2,3,2.0,87.4437708152357,18.2360081229099,8.0
2020-07-27,Kabupaten Bandung,"3204",187,101,6,80,2.0,114.00140535533428,17.80573157244362,8.0
2020-07-27,Kabupaten Bandung Barat,"3217",93,67,3,23,2.0,122.80189921513127,18.3426765426873,7.0
2020-07-27,Kabupaten Bekasi,"3216",381,213,28,140,2.0,112.65537351955965,15.371480635900207,7.0
2020-07-27,Kabupaten Bogor,"3201",343,234,9,100,2.0,122.99563584368843,17.20151743236614,8.0
2020-07-27,Kabupaten Ciamis,"3207",14,11,0,3,2.0,124.1427247789171,26.972815443897804,8.0
2020-07-27,Kabupaten Cianjur,"3203",39,19,1,19,2.0,187.64307907693257,20.899709996303176,9.0
2020-07-27,Kabupaten Cirebon,"3209",39,14,3,22,2.0,99.66426069491378,20.865571748430483,7.5
2020-07-27,Kabupaten Garut,"3205",33,20,3,10,2.0,117.5077402186325,21.50897868703353,8.0
2020-07-27,Kabupaten Indramayu,"3212",51,18,4,29,2.0,166.1223039707216,25.465650316046066,7.0
2020-07-27,Kabupaten Karawang,"3215",81,34,1,46,2.0,126.3684814453125,22.283734096013582,7.0
2020-07-27,Kabupaten Kuningan,"3208",49,14,2,33,2.0,113.40961840869934,25.06715586514977,8.0
2020-07-27,Kabupaten Majalengka,"3210",12,4,1,7,2.0,149.57371189030073,25.59599905523635,6.0
2020-07-27,Kabupaten Pangandaran,"3218",22,9,0,13,1.5,148.1206706653942,25.8015735799616,7.0
2020-07-27,Kabupaten Purwakarta,"3214",48,28,1,19,2.0,117.27052314682763,23.06895338820152,7.0
2020-07-27,Kabupaten Subang,"3213",62,50,2,10,2.0,140.41531871032714,23.46844717979431,7.0
2020-07-27,Kabupaten Sukabumi,"3202",81,37,0,44,2.0,164.31475893996404,18.65312825751602,10.0
2020-07-27,Kabupaten Sumedang,"3211",25,16,0,9,2.0,122.6748307773045,18.518379301684245,8.0
2020-07-27,Kabupaten Tasikmalaya,"3206",21,4,1,16,2.0,116.77030564991702,22.935657474616054,7.0
2020-07-27,Kota Bandung,"3273",518,370,43,105,3.0,97.93942103529074,13.01048429265588,10.0
2020-07-27,Kota Banjar,"3279",12,8,1,3,1.5,179.39035987854004,25.299467007319134,7.5
2020-07-27,Kota Bekasi,"3275",699,468,32,199,2.0,112.46956515445602,14.942125386090206,8.0
2020-07-27,Kota Bogor,"3271",266,171,17,78,2.0,105.91133544411602,17.700919917614844,7.0
2020-07-27,Kota Cimahi,"3277",154,86,2,66,2.0,98.32171620230187,15.566607351827178,7.0
2020-07-27,Kota Cirebon,"3274",34,11,2,21,3.0,101.70787226769232,16.366021198611104,6.0
2020-07-27,Kota Depok,"3276",1115,753,40,322,2.0,105.02142025498009,16.50204355602277,8.0
2020-07-27,Kota Sukabumi,"3272",54,44,0,10,2.0,103.89861509934912,20.254399711231017,6.5
2020-07-27,Kota Tasikmalaya,"3278",27,22,2,3,2.0,84.27115807679023,19.137668805351424,7.0
2020-07-28,Kabupaten Bandung,"3204",193,113,6,74,2.0,110.3654462608502,18.033876944274354,9.0
2020-07-28,Kabupaten Bandung Barat,"3217",96,75,3,18,2.0,118.68516592307599,19.205680479401167,9.0
2020-07-28,Kabupaten Bekasi,"3216",385,228,28,129,2.0,115.2234987894694,15.225632546665848,9.0
2020-07-28,Kabupaten Bogor,"3201",371,243,9,119,2.0,124.25624126688494,16.9979375111467,9.0
2020-07-28,Kabupaten Ciamis,"3207",14,11,0,3,2.0,128.26057656873175,25.6263478593666,9.0
2020-07-28,Kabupaten Cianjur,"3203",40,19,1,20,2.0,144.8008452926857,21.300162315368652,10.0
2020-07-28,Kabupaten Cirebon,"3209",40,15,3,22,2.0,111.46186521108959,20.285069087677414,8.0
2020-07-28,Kabupaten Garut,"3205",33,20,3,10,2.0,120.89734176301609,21.49124943136879,8.0
2020-07-28,Kabupaten Indramayu,"3212",51,32,4,15,2.0,124.62592135996059,25.98039766671001,9.0
2020-07-28,Kabupaten Karawang,"3215",81,38,1,42,2.0,127.66130961651481,20.23560489907445,8.0
2020-07-28,Kabupaten Kuningan,"3208",49,22,2,25,2.0,111.6944871163583,23.840509025900214,9.0
2020-07-28,Kabupaten Majalengka,"3210",12,6,1,5,2.0,156.26966512468127,24.574712120162115,9.0
2020-07-28,Kabupaten Pangandaran,"3218",22,17,0,5,2.0,221.595062467787,24.169153889020283,9.5
2020-07-28,Kabupaten Purwakarta,"3214",52,31,1,20,2.0,108.44033895929654,21.665065339456003,8.0
2020-07-28,Kabupaten Subang,"3213",65,50,2,13,2.0,135.45749871205476,23.45224934553696,9.0
2020-07-28,Kabupaten Sukabumi,"3202",100,61,0,39,2.0,164.43557499852673,18.415039158196286,10.0
2020-07-28,Kabupaten Sumedang,"3211",29,16,0,13,2.0,124.61531400547719,18.886234167226508,8.0
2020-07-28,Kabupaten Tasikmalaya,"3206",23,7,1,15,2.0,142.67335094700974,23.127702323022167,9.0
2020-07-28,Kota Bandung,"3273",533,380,43,110,3.0,96.55907186203532,12.94982699651478,11.0
2020-07-28,Kota Banjar,"3279",12,8,1,3,2.0,94.12451974969161,24.846480469954642,6.0
2020-07-28,Kota Bekasi,"3275",712,496,32,184,2.0,114.85022384528932,14.502270929518092,9.0
2020-07-28,Kota Bogor,"3271",270,176,17,77,2.0,108.07178718262905,17.362761269505448,9.0
2020-07-28,Kota Cimahi,"3277",154,126,2,26,2.0,95.005307084423,15.899209651569862,8.0
2020-07-28,Kota Cirebon,"3274",36,27,2,7,3.0,113.65491762119609,16.278772489472768,7.0
2020-07-28,Kota Depok,"3276",1128,892,40,196,2.0,121.36201046118313,16.01623827645538,9.0
2020-07-28,Kota Sukabumi,"3272",54,45,0,9,2.0,113.88230107793744,18.115230609249593,8.0
2020-07-28,Kota Tasikmalaya,"3278",27,22,2,3,2.0,94.68151247501373,18.60379057129224,9.0
2020-07-29,Kabupaten Bandung,"3204",204,113,6,85,2.0,112.6940351084519,17.37962330979616,9.0
2020-07-29,Kabupaten Bandung Barat,"3217",96,75,3,18,2.0,120.01891826359805,18.186838152504496,9.0
2020-07-29,Kabupaten Bekasi,"3216",394,228,28,138,2.0,111.2805186108331,15.288153575204355,9.0
2020-07-29,Kabupaten Bogor,"3201",378,243,9,126,2.0,127.38836993216621,16.73666991079422,9.0
2020-07-29,Kabupaten Ciamis,"3207",14,11,0,3,2.0,120.36413401477742,27.304409623146057,9.0
2020-07-29,Kabupaten Cianjur,"3203",40,19,1,20,2.0,145.1030046611489,20.744904858623435,9.0
2020-07-29,Kabupaten Cirebon,"3209",40,15,3,22,2.0,106.53417770357898,20.14383110926099,8.0
2020-07-29,Kabupaten Garut,"3205",33,20,3,10,2.0,120.42976161875623,21.4772118710457,9.0
2020-07-29,Kabupaten Indramayu,"3212",51,32,4,15,2.0,134.61954349779901,25.723061257646282,8.0
2020-07-29,Kabupaten Karawang,"3215",96,38,1,57,2.0,127.17955167721479,20.18104449072455,9.0
2020-07-29,Kabupaten Kuningan,"3208",49,22,2,25,2.0,115.73201176539604,24.570468176214188,8.0
2020-07-29,Kabupaten Majalengka,"3210",12,6,1,5,2.0,136.91403454481954,24.909001140883476,8.0
2020-07-29,Kabupaten Pangandaran,"3218",22,17,0,5,1.0,191.43773928555575,26.84554975683039,10.0
2020-07-29,Kabupaten Purwakarta,"3214",52,31,1,20,2.0,116.74637437574934,20.016388488287973,8.0
2020-07-29,Kabupaten Subang,"3213",67,50,2,15,2.0,135.12834447312932,23.38121745000661,8.0
2020-07-29,Kabupaten Sukabumi,"3202",102,61,0,41,2.0,164.13866185590254,18.232917735990412,10.0
2020-07-29,Kabupaten Sumedang,"3211",29,16,0,13,2.0,118.76702392379958,17.136404699009734,10.0
2020-07-29,Kabupaten Tasikmalaya,"3206",24,7,1,16,2.0,123.90401229305544,23.569243306699008,8.0
2020-07-29,Kota Bandung,"3273",546,380,43,123,3.0,96.29247432394408,13.060593156132793,11.0
2020-07-29,Kota Banjar,"3279",12,8,1,3,2.0,115.9051900403253,23.501487830589557,7.0
2020-07-29,Kota Bekasi,"3275",725,496,32,197,2.0,109.15063734427511,14.838185617688426,9.0
2020-07-29,Kota Bogor,"3271",276,176,17,83,2.0,103.9559857946864,16.828649678167416,8.0
2020-07-29,Kota Cimahi,"3277",156,126,2,28,2.0,101.0492331608537,15.798213728542986,8.0
2020-07-29,Kota Cirebon,"3274",36,27,2,7,3.0,103.06825719815548,16.062905803462055,8.0
2020-07-29,Kota Depok,"3276",1143,892,40,211,2.0,110.90059794467994,16.354553603889187,9.0
2020-07-29,Kota Sukabumi,"3272",54,45,0,9,2.0,112.63051686968122,19.56347632218921,8.0
2020-07-29,Kota Tasikmalaya,"3278",27,22,2,3,2.0,84.52701101528378,19.026498398442907,8.0
2020-07-30,Kabupaten Bandung,"3204",221,117,6,98,2.0,112.823379592624,17.049694710694173,10.0
2020-07-30,Kabupaten Bandung Barat,"3217",97,76,3,18,2.0,123.68543063893037,18.01708247503406,10.0
2020-07-30,Kabupaten Bekasi,"3216",402,230,28,144,2.0,122.1966424556542,14.501223061028428,9.0
2020-07-30,Kabupaten Bogor,"3201",394,244,9,141,2.0,129.61618638132978,16.467358002627616,10.0
2020-07-30,Kabupaten Ciamis,"3207",14,13,0,1,2.0,106.97876622126653,27.56696910939665,9.0
2020-07-30,Kabupaten Cianjur,"3203",40,22,1,17,2.0,145.9121374130249,21.343797890763533,11.0
2020-07-30,Kabupaten Cirebon,"3209",40,15,3,22,2.0,112.83605403106856,20.42022572589826,9.0
2020-07-30,Kabupaten Garut,"3205",34,20,3,11,2.0,125.9150796720297,20.46905789044824,9.0
2020-07-30,Kabupaten Indramayu,"3212",51,32,4,15,2.0,145.70709593683227,22.431036631266277,8.0
2020-07-30,Kabupaten Karawang,"3215",100,42,1,57,2.0,124.84978982760822,19.883688111797404,8.0
2020-07-30,Kabupaten Kuningan,"3208",49,25,2,22,2.0,111.79358338748708,24.60111575687633,8.0
2020-07-30,Kabupaten Majalengka,"3210",12,6,1,5,2.0,118.57949680050477,23.89512777012705,8.0
2020-07-30,Kabupaten Pangandaran,"3218",22,17,0,5,1.0,142.4937889366819,23.81435946414345,9.0
2020-07-30,Kabupaten Purwakarta,"3214",52,33,1,18,2.0,127.63055190299322,20.173265707145617,8.0
2020-07-30,Kabupaten Subang,"3213",84,51,2,31,2.0,148.8873979257983,22.83294576739156,9.0
2020-07-30,Kabupaten Sukabumi,"3202",102,62,0,40,2.0,156.09544674949925,18.179664057710745,10.0
2020-07-30,Kabupaten Sumedang,"3211",35,18,0,17,2.0,106.58834715511487,16.631673429971155,10.0
2020-07-30,Kabupaten Tasikmalaya,"3206",25,7,1,17,2.0,127.31050937554053,22.831690258645484,9.0
2020-07-30,Kota Bandung,"3273",561,388,43,130,3.0,106.45008717083894,12.823946682742989,11.0
2020-07-30,Kota Banjar,"3279",12,9,1,2,2.0,101.63091942571825,23.008478533837103,8.0
2020-07-30,Kota Bekasi,"3275",748,518,32,198,2.0,118.98617170949407,14.333923533432692,9.0
2020-07-30,Kota Bogor,"3271",278,198,18,62,2.0,109.1722899714127,16.76177788033274,8.0
2020-07-30,Kota Cimahi,"3277",157,136,2,19,2.0,114.99907467430667,14.967804602999937,9.0
2020-07-30,Kota Cirebon,"3274",37,28,2,7,3.0,109.30503515763716,16.56025910870103,8.0
2020-07-30,Kota Depok,"3276",1176,904,40,232,2.0,123.1501228455906,15.305653247164908,9.0
2020-07-30,Kota Sukabumi,"3272",54,46,0,8,2.0,110.15032131441178,18.723774625409035,9.0
2020-07-30,Kota Tasikmalaya,"3278",27,22,2,3,2.0,89.0819124961967,18.64366601118401,8.0
2020-07-31,Kabupaten Bandung,"3204",224,117,6,101,2.0,132.8034575416256,15.877122302443555,10.0
2020-07-31,Kabupaten Bandung Barat,"3217",100,76,3,21,2.0,146.26325732827473,15.548959435511819,11.0
2020-07-31,Kabupaten Bekasi,"3216",409,230,28,151,2.0,131.83666488259826,13.242369236305551,10.0
2020-07-31,Kabupaten Bogor,"3201",397,244,9,144,2.0,151.35431177932992,14.544244080062215,11.0
2020-07-31,Kabupaten Ciamis,"3207",14,13,0,1,2.0,116.83577022389468,25.27164194217095,8.0
2020-07-31,Kabupaten Cianjur,"3203",40,22,1,17,2.0,171.34639926486545,18.06824107170105,10.0
2020-07-31,Kabupaten Cirebon,"3209",40,15,3,22,2.0,122.27659733575365,19.204168440439762,9.0
2020-07-31,Kabupaten Garut,"3205",34,20,3,11,2.0,129.88679339755234,19.64280642658027,10.0
2020-07-31,Kabupaten Indramayu,"3212",51,32,4,15,2.0,145.0373004893358,24.635730506237888,8.0
2020-07-31,Kabupaten Karawang,"3215",100,42,1,57,2.0,115.26725657265679,20.06596152458405,9.0
2020-07-31,Kabupaten Kuningan,"3208",49,25,2,22,2.0,115.60851600162933,23.838624883634445,9.0
2020-07-31,Kabupaten Majalengka,"3210",12,6,1,5,2.0,119.57323206318499,23.523035684468056,9.0
2020-07-31,Kabupaten Pangandaran,"3218",22,17,0,5,2.0,168.57586093659097,22.040547051328293,7.5
2020-07-31,Kabupaten Purwakarta,"3214",53,33,1,19,2.0,116.10082038828362,19.740610456785628,8.0
2020-07-31,Kabupaten Subang,"3213",84,51,2,31,2.0,145.98815785358505,21.929382100331324,10.0
2020-07-31,Kabupaten Sukabumi,"3202",102,62,0,40,2.0,191.48806876531788,16.9357396197361,10.5
2020-07-31,Kabupaten Sumedang,"3211",35,18,0,17,2.0,131.31048325909194,15.431879658200566,10.0
2020-07-31,Kabupaten Tasikmalaya,"3206",25,7,1,17,2.0,128.37164990619948,22.460773286640002,9.5
2020-07-31,Kota Bandung,"3273",561,388,43,130,3.0,114.7340035019701,12.221689754230802,11.0
2020-07-31,Kota Banjar,"3279",12,9,1,2,2.0,109.39130281147204,22.212215825131064,7.0
2020-07-31,Kota Bekasi,"3275",763,518,32,213,2.0,133.24525773352383,12.722307687814348,10.0
2020-07-31,Kota Bogor,"3271",278,198,18,62,2.0,128.99547080021065,14.333606662290968,10.0
2020-07-31,Kota Cimahi,"3277",157,136,2,19,2.0,106.53376704976306,13.803331135055437,9.0
2020-07-31,Kota Cirebon,"3274",37,28,2,7,3.0,110.27573091689854,14.600110630466514,8.0
2020-07-31,Kota Depok,"3276",1214,904,40,270,2.0,137.76947436667356,14.264779184703883,10.0
2020-07-31,Kota Sukabumi,"3272",54,46,0,8,2.0,124.16635008372707,17.59387411715084,8.0
2020-07-31,Kota Tasikmalaya,"3278",27,22,2,3,2.0,95.81291553368992,19.09365308977413,8.0
